,,,,,,,,Eurobarometer - 99.2,,,,,,,,,,,,,,,,,,,,,,,
,,VOL A weighted,,,,,Terrain/Fieldwork :  11/04 - 16/05/2023,,,,,,,,,,,,,,,,,,,,,,,,
,"QB1.4. Pour chacun des types de discrimination suivants, dites-moi si, selon vous, il s'agit de quelque chose de très répandu, assez répandu, plutôt rare ou très rare en (NOTRE PAYS) ? Les discriminations désignent le fait d'être traité de manière défavorable par rapport à d'autres personnes, sur la base de critères arbitraires. Des discriminations basées sur…  ",,,,,,"QB1.4. For each of the following types of discrimination, could you please tell me whether, in your opinion, it is very widespread, fairly widespread, fairly rare or very rare in (OUR COUNTRY)? By discrimination we mean when somebody is treated unfavourably compared with others based on arbitrary criteria. Discrimination on the basis of… ",,,,,,,,,,,,,,,,,,,,,,,,
,"L'orientation sexuelle (être par exemple lesbienne, gay ou bisexuel·le)",,,,,,"Sexual orientation (for example being lesbian, gay or bisexual)",,,,,,,,,,,,,,,,,,,,,,,,
,Base: Ensemble,,,,,,Base: All respondents,,,,,,,,,,,,,,,,,,,,,,,,
,,,,,,,,,,,,,,,,,,,,,,,,,,,,,,,
,,,,,,,,,,,,,,,,,,,,,,,,,,,,,,,
,,,,,,,,,,,,,,,,,,,,,,,,,,,,,,,
,,"UE27
EU27",BE,BG,CZ,DK,D-W,DE,D-E,EE,IE,EL,ES,FR,HR,IT,CY,LV,LT,LU,HU,MT,NL,AT,PL,PT,RO,SI,SK,FI,SE
,Total,26399,1011,1012,1025,1019,1227,1525,298,1009,1016,1014,1004,1006,1012,1027,504,1009,1005,508,1021,514,1004,1012,1015,1021,1053,1000,1021,1009,1019
,,,,,,,,,,,,,,,,,,,,,,,,,,,,,,,
,Très répandu,4222,141,141,58,123,132,169,37,92,124,282,145,219,202,191,121,101,201,32,176,26,203,118,176,273,137,176,115,49,105
,Very widespread,16%,14%,14%,6%,12%,11%,11%,12%,9%,12%,28%,14%,22%,20%,19%,24%,10%,20%,6%,17%,5%,20%,12%,17%,27%,13%,18%,11%,5%,10%
,Plutôt répandu,10144,423,267,183,320,395,498,103,226,342,464,394,436,364,539,218,227,332,162,364,161,425,312,372,440,292,342,204,346,363
,Fairly widespread,38%,42%,26%,18%,31%,32%,33%,35%,22%,34%,46%,39%,43%,36%,53%,43%,23%,33%,32%,36%,32%,42%,31%,37%,43%,28%,34%,20%,34%,36%
,Plutôt rare,7151,339,269,382,378,396,482,86,277,347,211,278,233,245,208,95,191,171,196,223,197,289,355,282,214,242,204,229,389,438
,Fairly rare,27%,34%,27%,37%,37%,32%,31%,29%,28%,34%,21%,28%,23%,24%,20%,19%,19%,17%,38%,22%,38%,29%,35%,28%,21%,23%,20%,23%,39%,43%
,Très rare,3065,84,128,303,178,184,227,43,231,125,43,151,61,141,51,50,216,139,91,173,116,73,137,116,31,202,210,299,142,101
,Very rare,12%,8%,13%,29%,18%,15%,15%,14%,23%,12%,4%,15%,6%,14%,5%,10%,21%,14%,18%,17%,23%,7%,14%,11%,3%,19%,21%,29%,14%,10%
,Non-existant (SPONTANÉ),272,5,35,12,3,12,17,4,21,11,3,7,4,6,2,2,100,27,3,29,1,6,15,20,2,41,16,17,4,1
,Non-existent (SPONTANEOUS),1%,-,3%,1%,-,1%,1%,1%,2%,1%,-,1%,1%,1%,-,-,10%,3%,1%,3%,-,1%,1%,2%,-,4%,2%,2%,-,-
,Ne sait pas,1543,19,171,89,17,108,133,26,163,68,11,29,53,54,36,18,175,135,24,56,12,7,75,49,62,139,52,157,79,11
,Don't know,6%,2%,17%,9%,2%,9%,9%,9%,16%,7%,1%,3%,5%,5%,3%,4%,17%,13%,5%,5%,2%,1%,7%,5%,6%,13%,5%,15%,8%,1%
,Total 'Répandu',14367,564,409,240,443,527,667,140,317,465,746,539,655,566,730,340,327,533,194,541,187,628,430,548,713,429,518,319,395,468
,Total 'Widespread',54%,56%,40%,24%,43%,43%,44%,47%,31%,46%,74%,53%,65%,56%,72%,67%,33%,53%,38%,53%,37%,62%,43%,54%,70%,41%,52%,31%,39%,46%
,Total 'Rare',10216,423,397,684,556,580,708,129,508,472,254,430,294,386,259,145,407,310,287,395,313,362,492,398,245,444,414,528,530,538
,Total 'Rare',39%,42%,40%,66%,55%,47%,46%,43%,51%,46%,25%,43%,29%,38%,25%,29%,40%,31%,56%,39%,61%,36%,49%,39%,24%,42%,41%,52%,53%,53%
,,VOL A weighted,,,,,Terrain/Fieldwork :  11/04 - 16/05/2023,,,,,,,,,,,,,,,,,,,,,,,,
,"QB1.8. Pour chacun des types de discrimination suivants, dites-moi si, selon vous, il s'agit de quelque chose de très répandu, assez répandu, plutôt rare ou très rare en (NOTRE PAYS) ? Les discriminations désignent le fait d'être traité de manière défavorable par rapport à d'autres personnes, sur la base de critères arbitraires. Des discriminations basées sur…  ",,,,,,"QB1.8. For each of the following types of discrimination, could you please tell me whether, in your opinion, it is very widespread, fairly widespread, fairly rare or very rare in (OUR COUNTRY)? By discrimination we mean when somebody is treated unfavourably compared with others based on arbitrary criteria. Discrimination on the basis of… ",,,,,,,,,,,,,,,,,,,,,,,,
,Être transgenre,,,,,,Being transgender,,,,,,,,,,,,,,,,,,,,,,,,
,Base: Ensemble,,,,,,Base: All respondents,,,,,,,,,,,,,,,,,,,,,,,,
,,,,,,,,,,,,,,,,,,,,,,,,,,,,,,,
,,"UE27
EU27",BE,BG,CZ,DK,D-W,DE,D-E,EE,IE,EL,ES,FR,HR,IT,CY,LV,LT,LU,HU,MT,NL,AT,PL,PT,RO,SI,SK,FI,SE
,Total,26399,1011,1012,1025,1019,1227,1525,298,1009,1016,1014,1004,1006,1012,1027,504,1009,1005,508,1021,514,1004,1012,1015,1021,1053,1000,1021,1009,1019
,,,,,,,,,,,,,,,,,,,,,,,,,,,,,,,
,Très répandu,5308,212,141,64,194,191,236,44,102,159,252,205,257,201,273,104,85,193,47,190,43,255,144,194,255,126,191,120,108,251
,Very widespread,20%,21%,14%,6%,19%,16%,16%,15%,10%,15%,25%,20%,26%,20%,27%,21%,9%,19%,9%,19%,8%,25%,14%,19%,25%,12%,19%,12%,11%,25%
,Plutôt répandu,9678,427,229,168,380,396,493,97,176,394,379,391,408,291,481,206,183,273,168,289,211,439,320,354,439,265,325,175,379,439
,Fairly widespread,37%,42%,23%,16%,37%,32%,32%,33%,17%,39%,37%,39%,40%,29%,47%,41%,18%,27%,33%,28%,41%,44%,32%,35%,43%,25%,32%,17%,37%,43%
,Plutôt rare,5436,259,208,284,263,306,370,65,210,212,205,198,168,234,167,73,155,146,159,225,172,210,236,224,123,244,185,176,261,242
,Fairly rare,21%,26%,20%,28%,26%,25%,24%,22%,21%,21%,20%,20%,17%,23%,16%,15%,15%,15%,31%,22%,33%,21%,23%,22%,12%,23%,19%,17%,26%,24%
,Très rare,2734,79,151,281,116,135,179,43,235,132,63,111,68,169,35,41,214,140,63,192,65,54,131,135,22,199,180,295,107,55
,Very rare,10%,8%,15%,27%,11%,11%,12%,14%,23%,13%,6%,11%,7%,17%,3%,8%,21%,14%,13%,19%,13%,5%,13%,13%,2%,19%,18%,29%,11%,5%
,Non-existant (SPONTANÉ),411,1,33,48,8,19,31,12,57,17,24,12,3,12,2,21,106,24,10,43,4,6,28,25,5,44,20,31,7,3
,Non-existent (SPONTANEOUS),1%,-,3%,5%,1%,1%,2%,4%,6%,2%,3%,1%,-,1%,-,4%,11%,2%,2%,4%,1%,1%,3%,3%,1%,4%,2%,3%,1%,-
,Ne sait pas,2831,33,251,180,59,180,216,37,229,102,92,87,102,105,69,57,266,229,61,82,20,39,154,82,177,175,99,223,147,29
,Don't know,11%,3%,25%,18%,6%,15%,14%,12%,23%,10%,9%,9%,10%,10%,7%,11%,26%,23%,12%,8%,4%,4%,15%,8%,17%,17%,10%,22%,14%,3%
,Total 'Répandu',14987,639,369,232,574,587,728,141,279,553,630,596,665,492,754,311,268,466,215,479,254,694,463,548,694,391,516,295,487,691
,Total 'Widespread',57%,63%,37%,22%,56%,48%,48%,48%,27%,54%,62%,59%,66%,49%,74%,62%,27%,46%,42%,47%,49%,69%,46%,54%,68%,37%,51%,29%,48%,68%
,Total 'Rare',8170,338,359,565,378,441,549,108,445,344,268,309,236,403,202,115,369,286,222,417,236,265,367,360,145,443,366,471,369,297
,Total 'Rare',31%,34%,35%,55%,37%,36%,36%,36%,44%,34%,26%,31%,24%,40%,19%,23%,36%,29%,44%,41%,46%,26%,36%,35%,14%,42%,37%,46%,37%,29%
,,VOL A weighted,,,,,Terrain/Fieldwork :  11/04 - 16/05/2023,,,,,,,,,,,,,,,,,,,,,,,,
,"QB1.11. Pour chacun des types de discrimination suivants, dites-moi si, selon vous, il s'agit de quelque chose de très répandu, assez répandu, plutôt rare ou très rare en (NOTRE PAYS) ? Les discriminations désignent le fait d'être traité de manière défavorable par rapport à d'autres personnes, sur la base de critères arbitraires. Des discriminations basées sur…  ",,,,,,"QB1.11. For each of the following types of discrimination, could you please tell me whether, in your opinion, it is very widespread, fairly widespread, fairly rare or very rare in (OUR COUNTRY)? By discrimination we mean when somebody is treated unfavourably compared with others based on arbitrary criteria. Discrimination on the basis of… ",,,,,,,,,,,,,,,,,,,,,,,,
,Être intersexe,,,,,,Being intersex,,,,,,,,,,,,,,,,,,,,,,,,
,Base: Ensemble,,,,,,Base: All respondents,,,,,,,,,,,,,,,,,,,,,,,,
,,,,,,,,,,,,,,,,,,,,,,,,,,,,,,,
<<Back to content,,"UE27
EU27",BE,BG,CZ,DK,D-W,DE,D-E,EE,IE,EL,ES,FR,HR,IT,CY,LV,LT,LU,HU,MT,NL,AT,PL,PT,RO,SI,SK,FI,SE
,Total,26399,1011,1012,1025,1019,1227,1525,298,1009,1016,1014,1004,1006,1012,1027,504,1009,1005,508,1021,514,1004,1012,1015,1021,1053,1000,1021,1009,1019
,,,,,,,,,,,,,,,,,,,,,,,,,,,,,,,
,Très répandu,3773,111,128,38,121,137,160,23,68,108,233,132,187,176,193,94,65,127,31,154,25,159,105,159,175,133,171,102,45,110
,Very widespread,14%,11%,13%,4%,12%,11%,11%,8%,7%,11%,23%,13%,19%,17%,19%,19%,6%,13%,6%,15%,5%,16%,10%,16%,17%,13%,17%,10%,5%,11%
,Plutôt répandu,8649,389,223,156,290,364,457,93,130,315,413,312,353,271,459,213,140,274,121,244,140,371,270,327,402,260,303,182,269,312
,Fairly widespread,33%,39%,22%,15%,28%,30%,30%,31%,13%,31%,41%,31%,35%,27%,45%,42%,14%,27%,24%,24%,27%,37%,27%,32%,39%,25%,30%,18%,27%,31%
,Plutôt rare,5997,343,217,284,272,330,404,74,222,212,204,197,183,261,214,80,159,156,179,244,177,267,248,244,114,232,224,181,286,319
,Fairly rare,23%,34%,21%,28%,27%,27%,26%,25%,22%,21%,20%,20%,18%,26%,21%,16%,16%,16%,35%,24%,35%,26%,24%,24%,11%,22%,22%,18%,28%,31%
,Très rare,3338,86,151,301,179,165,217,52,238,156,46,149,87,155,67,42,196,143,79,185,118,111,167,138,29,211,195,296,142,136
,Very rare,13%,8%,15%,29%,17%,13%,14%,17%,24%,15%,5%,15%,9%,15%,6%,8%,19%,14%,16%,18%,23%,11%,17%,14%,3%,20%,20%,29%,14%,13%
,Non-existant (SPONTANÉ),643,10,38,47,16,21,32,11,65,31,22,28,9,22,17,25,109,34,12,54,5,17,37,50,29,36,22,29,11,12
,Non-existent (SPONTANEOUS),2%,1%,4%,5%,2%,2%,2%,4%,6%,3%,2%,3%,1%,2%,2%,5%,11%,3%,2%,5%,1%,2%,4%,5%,3%,3%,2%,3%,1%,1%
,Ne sait pas,3998,73,255,200,140,209,254,45,286,195,97,187,187,127,78,51,339,271,85,141,48,79,184,97,273,180,86,231,255,130
,Don't know,15%,7%,25%,19%,14%,17%,17%,15%,28%,19%,9%,18%,18%,13%,7%,10%,34%,27%,17%,14%,9%,8%,18%,9%,27%,17%,9%,22%,25%,13%
,Total 'Répandu',12422,500,351,194,411,501,618,116,197,422,646,444,541,447,651,306,205,401,152,398,166,530,375,485,577,393,474,284,314,422
,Total 'Widespread',47%,50%,35%,19%,40%,41%,41%,39%,20%,42%,64%,44%,54%,44%,64%,61%,20%,40%,30%,39%,32%,53%,37%,48%,56%,38%,47%,28%,32%,42%
,Total 'Rare',9335,428,368,584,451,495,621,126,460,368,250,346,270,416,281,122,355,299,258,428,296,378,415,382,142,443,418,477,428,455
,Total 'Rare',36%,42%,36%,57%,44%,40%,40%,42%,46%,36%,25%,35%,27%,41%,27%,24%,35%,30%,51%,42%,58%,37%,41%,38%,14%,42%,42%,47%,42%,44%
,,VOL A weighted,,,,,Terrain/Fieldwork :  11/04 - 16/05/2023,,,,,,,,,,,,,,,,,,,,,,,,
,"QB2. Au cours des 12 derniers mois, vous êtes-vous senti·e personnellement discriminé·e ou avez-vous été victime de harcèlement pour l'une ou plusieurs des raisons suivantes ? Veuillez m'indiquer toutes les raisons qui s'appliquent. (PLUSIEURS RÉPONSES POSSIBLES)",,,,,,QB2. In the past 12 months have you personally felt discriminated against or experienced harassment on one or more of the following reasons? Please tell me all that apply. (MULTIPLE ANSWERS POSSIBLE),,,,,,,,,,,,,,,,,,,,,,,,
,,,,,,,,,,,,,,,,,,,,,,,,,,,,,,,
,Base: Ensemble,,,,,,Base: All respondents,,,,,,,,,,,,,,,,,,,,,,,,
,"L'orientation sexuelle (être par exemple lesbienne, gay ou bisexuel·le)",337,30,8,5,22,17,22,5,7,11,6,6,10,6,21,1,9,0,16,3,10,25,31,8,5,12,3,14,8,16
,"Sexual orientation (for example being lesbian, gay or bisexual)",1%,3%,1%,-,2%,1%,1%,2%,1%,1%,1%,1%,1%,1%,2%,-,1%,-,3%,-,2%,2%,3%,1%,-,1%,-,1%,1%,2%
,Être transgenre,116,12,3,2,2,4,4,0,5,2,1,1,3,7,6,1,3,0,6,1,2,4,15,8,0,15,4,6,4,5
,Being transgender,-,1%,-,-,-,-,-,-,-,-,-,-,-,1%,1%,-,-,-,1%,-,-,-,2%,1%,-,1%,-,1%,-,-
,Être intersexe,95,6,7,0,0,1,1,0,8,1,2,0,0,9,11,3,0,0,1,2,1,0,16,8,0,8,2,6,1,0
,Being intersex,-,1%,1%,-,-,-,-,-,1%,-,-,-,-,1%,1%,1%,-,-,-,-,-,-,2%,1%,-,1%,-,1%,-,-
,"Non, vous ne vous êtes pas senti·e discriminé ·e ou vous n'avez pas été harcelé·e",20710,621,849,837,775,918,1137,219,699,831,886,844,724,800,838,392,820,826,361,890,398,746,713,866,920,839,858,820,812,730
,"No, you haven't been discriminated against or experienced harassment",78%,61%,84%,82%,76%,75%,75%,73%,69%,82%,87%,84%,72%,79%,82%,78%,81%,82%,71%,87%,77%,74%,70%,85%,90%,80%,86%,80%,80%,72%
,Ne sait pas,89,8,17,3,15,1,2,1,11,14,0,1,6,0,2,4,4,8,2,1,2,3,2,2,2,5,8,4,4,6
,Don't know,-,1%,2%,-,2%,-,-,-,1%,1%,-,-,1%,-,-,1%,-,1%,-,-,-,-,-,-,-,-,1%,-,-,1%
,Total 'A été discriminé',5599,382,146,185,229,308,386,78,300,171,128,159,276,212,187,107,184,171,145,130,114,255,297,146,99,210,134,196,193,283
,Total 'Has felt discriminated',21%,38%,14%,18%,22%,25%,25%,26%,30%,17%,13%,16%,27%,21%,18%,21%,18%,17%,29%,13%,22%,25%,29%,14%,10%,20%,13%,19%,19%,28%
,,VOL A weighted,,,,,Terrain/Fieldwork :  11/04 - 16/05/2023,,,,,,,,,,,,,,,,,,,,,,,,
,QB2T. Avoir été persécuté au cours des 12 derniers mois,,,,,,QB2T. Having personnaly felt discriminated against in the past 12 months,,,,,,,,,,,,,,,,,,,,,,,,
,,,,,,,,,,,,,,,,,,,,,,,,,,,,,,,
,Base: Ensemble,,,,,,Base: All respondents,,,,,,,,,,,,,,,,,,,,,,,,
,Orientation sexuelle,430,40,10,7,23,19,24,5,11,12,6,7,12,11,26,3,10,0,16,4,10,26,43,16,5,26,6,18,11,18
,Sexual orientation,2%,4%,1%,1%,2%,2%,2%,2%,1%,1%,1%,1%,1%,1%,3%,-,1%,-,3%,-,2%,3%,4%,2%,-,2%,1%,2%,1%,2%
,,,,,,,,,,,,,,,,,,,,,,,,,,,,,,,
,,,,,,,,,,,,,,,,,,,,,,,,,,,,,,,
,,VOL A weighted,,,,,Terrain/Fieldwork :  11/04 - 16/05/2023,,,,,,,,,,,,,,,,,,,,,,,,
,"QB4. Lorsqu'une entreprise cherche à embaucher une personne et qu'elle a le choix entre deux candidat.e.s de compétences et de qualifications égales, quels sont dans la liste suivante tous les critères qui, selon vous, peuvent défavoriser un.e candidat.e ?  (PLUSIEURS RÉPONSES POSSIBLES) ",,,,,,"QB4. When a company wants to hire someone and has the choice between two candidates with equal skills and qualifications, which of the following criteria may, in your opinion, put one candidate at a disadvantage? (MULTIPLE ANSWERS POSSIBLE)",,,,,,,,,,,,,,,,,,,,,,,,
,,,,,,,,,,,,,,,,,,,,,,,,,,,,,,,
,Base: Ensemble,,,,,,Base: All respondents,,,,,,,,,,,,,,,,,,,,,,,,
<<Back to content,,"UE27
EU27",BE,BG,CZ,DK,D-W,DE,D-E,EE,IE,EL,ES,FR,HR,IT,CY,LV,LT,LU,HU,MT,NL,AT,PL,PT,RO,SI,SK,FI,SE
,Total,26399,1011,1012,1025,1019,1227,1525,298,1009,1016,1014,1004,1006,1012,1027,504,1009,1005,508,1021,514,1004,1012,1015,1021,1053,1000,1021,1009,1019
,,,,,,,,,,,,,,,,,,,,,,,,,,,,,,,
,Le nom du ou de la candidat·e,5422,319,64,49,371,341,407,66,125,159,66,48,494,154,41,105,28,54,153,89,26,534,228,30,36,48,186,84,317,600
,The candidate's name,21%,32%,6%,5%,36%,28%,27%,22%,12%,16%,7%,5%,49%,15%,4%,21%,3%,5%,30%,9%,5%,53%,22%,3%,4%,5%,19%,8%,31%,59%
,L'adresse du ou de la candidat·e,2990,69,24,74,161,217,258,41,60,292,44,39,273,24,28,34,38,28,79,56,64,202,115,26,37,45,87,48,49,227
,The candidate's address,11%,7%,2%,7%,16%,18%,17%,14%,6%,29%,4%,4%,27%,2%,3%,7%,4%,3%,16%,5%,13%,20%,11%,3%,4%,4%,9%,5%,5%,22%
,La façon de parler ou l'accent du ou de la candidat·e,9249,369,216,274,463,472,589,117,320,355,388,231,521,153,295,208,222,315,217,304,186,650,485,178,165,224,286,223,328,734
,The candidate's way of speaking or his or her accent,35%,37%,21%,27%,45%,38%,39%,39%,32%,35%,38%,23%,52%,15%,29%,41%,22%,31%,43%,30%,36%,65%,48%,18%,16%,21%,29%,22%,32%,72%
,L'origine ethnique du ou de la candidat·e,8910,426,270,264,530,438,529,91,269,314,425,298,489,217,272,224,177,154,212,418,259,662,364,119,228,136,280,233,543,562
,The candidate's ethnic origin,34%,42%,27%,26%,52%,36%,35%,31%,27%,31%,42%,30%,49%,21%,26%,44%,18%,15%,42%,41%,50%,66%,36%,12%,22%,13%,28%,23%,54%,55%
,La couleur de peau du ou de la candidat·e,10191,510,172,309,476,507,649,142,243,366,370,280,590,267,316,249,168,188,246,451,293,649,473,231,315,136,288,325,488,562
,The candidate's skin colour,39%,50%,17%,30%,47%,41%,43%,48%,24%,36%,37%,28%,59%,26%,31%,49%,17%,19%,48%,44%,57%,65%,47%,23%,31%,13%,29%,32%,48%,55%
,Le fait que le ou la candidat·e soit rom,11110,382,329,455,467,461,589,128,194,418,689,409,502,442,433,253,285,421,190,649,162,502,395,240,463,227,586,519,701,617
,The candidate's being Roma,42%,38%,32%,44%,46%,38%,39%,43%,19%,41%,68%,41%,50%,44%,42%,50%,28%,42%,37%,64%,31%,50%,39%,24%,45%,22%,59%,51%,69%,61%
,Le sexe du ou de la candidat·e (homme ou femme),8136,295,169,241,449,423,529,105,346,297,315,284,427,235,211,175,196,266,176,290,188,501,447,199,242,181,302,285,341,476
,The candidate's gender or sex (man or woman),31%,29%,17%,24%,44%,34%,35%,35%,34%,29%,31%,28%,42%,23%,21%,35%,19%,26%,35%,28%,37%,50%,44%,20%,24%,17%,30%,28%,34%,47%
,L'identité de genre du ou de la candidat·e (par exemple être transgenre),7744,318,157,147,349,370,461,91,221,266,325,253,392,295,271,168,152,248,156,236,177,504,316,215,284,142,318,193,392,502
,The candidate's gender identity (for example being transgender),29%,31%,15%,14%,34%,30%,30%,31%,22%,26%,32%,25%,39%,29%,26%,33%,15%,25%,31%,23%,34%,50%,31%,21%,28%,14%,32%,19%,39%,49%
,"L'orientation sexuelle du ou de la candidat·e (par exemple être lesbienne, gay ou bisexuel·le)",6283,224,200,103,221,285,368,82,165,163,475,198,278,329,222,200,154,250,105,249,153,374,235,202,226,191,290,190,258,303
,"The candidate's sexual orientation (for example being lesbian, gay or bisexual)",24%,22%,20%,10%,22%,23%,24%,28%,16%,16%,47%,20%,28%,32%,22%,40%,15%,25%,21%,24%,30%,37%,23%,20%,22%,18%,29%,19%,26%,30%
,Les caractéristiques sexuelles du ou de la candidat·e (être intersexe),5292,203,135,112,250,268,343,75,156,173,298,136,272,264,151,153,91,225,93,196,127,336,254,156,180,108,259,145,229,318
,The candidate's sex characteristics (being intersex),20%,20%,13%,11%,25%,22%,22%,25%,15%,17%,29%,14%,27%,26%,15%,30%,9%,22%,18%,19%,25%,33%,25%,15%,18%,10%,26%,14%,23%,31%
,Autre (SPONTANÉ),117,7,3,3,18,7,9,2,21,7,6,7,1,5,2,3,17,13,3,0,4,1,6,0,5,20,6,1,1,0
,Other (SPONTANEOUS),-,1%,-,-,2%,1%,1%,1%,2%,1%,1%,1%,-,1%,-,1%,2%,1%,1%,-,1%,-,1%,-,1%,2%,1%,-,-,-
,Aucun (SPONTANÉ),898,16,31,44,34,50,67,17,58,47,21,32,24,63,33,8,85,93,21,21,7,43,18,30,38,44,44,37,48,24
,None (SPONTANEOUS),3%,2%,3%,4%,3%,4%,4%,6%,6%,5%,2%,3%,2%,6%,3%,2%,8%,9%,4%,2%,1%,4%,2%,3%,4%,4%,4%,4%,5%,2%
,Ne sait pas,776,22,100,50,19,22,34,12,44,59,7,27,18,53,36,5,68,36,11,15,21,2,35,47,64,49,22,34,28,4
,Don't know,3%,2%,10%,5%,2%,2%,2%,4%,4%,6%,1%,3%,2%,5%,4%,1%,7%,4%,2%,1%,4%,-,3%,5%,6%,5%,2%,3%,3%,-
,Total 'Orientation / caractéristiques sexuelles',13942,532,393,365,592,631,794,163,465,447,675,466,635,571,521,309,330,446,261,538,273,674,653,497,512,406,526,507,537,663
,Total 'Sexual orientation/characteristics',53%,53%,39%,36%,58%,51%,52%,55%,46%,44%,67%,46%,63%,56%,51%,61%,33%,44%,51%,53%,53%,67%,64%,49%,50%,39%,53%,50%,53%,65%
,,VOL A weighted,,,,,Terrain/Fieldwork :  11/04 - 16/05/2023,,,,,,,,,,,,,,,,,,,,,,,,
,"QB6.2. Sur une échelle de 1 à 10, pourriez-vous me dire ce que vous ressentiriez si une personne appartenant à chacune des catégories suivantes était élue au plus haut poste politique en (NOTRE PAYS) ?  '1' signifie que vous vous sentiriez « pas du tout à l'aise » et '10' que vous vous sentiriez « tout à fait à l'aise ».  ",,,,,,"QB6.2. Using a scale from 1 to 10, please tell me how you would feel about having a person from each of the following groups in the highest elected political position in (OUR COUNTRY)? '1' means that you would feel ""not at all comfortable"" and '10' that you would feel ""totally comfortable"". ",,,,,,,,,,,,,,,,,,,,,,,,
,"Une personne lesbienne, gay ou bisexuelle",,,,,,"A lesbian, gay or bisexual person",,,,,,,,,,,,,,,,,,,,,,,,
,Base: Ensemble,,,,,,Base: All respondents,,,,,,,,,,,,,,,,,,,,,,,,
,,,,,,,,,,,,,,,,,,,,,,,,,,,,,,,
,,,,,,,,,,,,,,,,,,,,,,,,,,,,,,,
,,,,,,,,,,,,,,,,,,,,,,,,,,,,,,,
,,"UE27
EU27",BE,BG,CZ,DK,D-W,DE,D-E,EE,IE,EL,ES,FR,HR,IT,CY,LV,LT,LU,HU,MT,NL,AT,PL,PT,RO,SI,SK,FI,SE
,Total,26399,1011,1012,1025,1019,1227,1525,298,1009,1016,1014,1004,1006,1012,1027,504,1009,1005,508,1021,514,1004,1012,1015,1021,1053,1000,1021,1009,1019
,,,,,,,,,,,,,,,,,,,,,,,,,,,,,,,
,1 Très mal à l'aise,1571,50,329,62,26,58,78,20,192,10,109,15,25,142,34,98,194,297,11,110,8,3,126,65,50,240,125,154,38,15
,1 Not at all comfortable,6%,5%,32%,6%,3%,5%,5%,7%,19%,1%,11%,1%,2%,14%,3%,19%,19%,30%,2%,11%,2%,-,12%,7%,5%,23%,12%,15%,4%,1%
,2,732,15,117,28,6,21,26,5,62,8,62,9,12,52,26,33,41,63,5,58,6,5,28,69,23,82,36,45,19,4
,2,3%,2%,12%,3%,1%,2%,2%,2%,6%,1%,6%,1%,1%,5%,3%,7%,4%,6%,1%,6%,1%,1%,3%,7%,2%,8%,4%,5%,2%,-
,3,953,25,93,29,6,29,46,17,63,4,43,10,27,59,41,38,32,51,5,78,11,11,69,61,25,99,58,75,18,9
,3,3%,2%,9%,3%,-,2%,3%,6%,6%,-,4%,1%,3%,6%,4%,8%,3%,5%,1%,8%,2%,1%,7%,6%,2%,9%,6%,7%,2%,1%
,4,998,33,61,31,6,40,55,15,41,0,39,11,23,52,55,24,26,45,5,97,22,6,47,65,19,100,58,48,26,11
,4,4%,3%,6%,3%,1%,3%,3%,5%,4%,-,4%,1%,2%,5%,5%,5%,2%,5%,1%,9%,4%,1%,5%,6%,2%,10%,6%,5%,3%,1%
,5,2054,77,91,104,37,128,177,49,108,27,87,45,53,120,55,68,103,103,16,155,30,11,84,116,68,118,142,115,44,38
,5,8%,8%,9%,10%,4%,11%,11%,16%,11%,3%,9%,4%,5%,12%,5%,13%,10%,10%,3%,15%,6%,1%,8%,12%,7%,11%,14%,11%,4%,4%
,6,1374,56,58,62,21,52,59,7,28,26,56,36,42,91,95,19,35,43,11,76,18,12,71,81,29,78,50,33,27,9
,6,5%,6%,6%,6%,2%,4%,4%,3%,3%,3%,6%,4%,4%,9%,9%,4%,3%,4%,2%,7%,4%,1%,7%,8%,3%,7%,5%,3%,3%,1%
,7,1645,83,53,40,17,66,88,22,51,46,89,58,33,69,101,22,46,29,15,94,35,23,56,94,76,88,63,45,35,37
,7,6%,8%,5%,4%,2%,5%,6%,7%,5%,5%,9%,6%,3%,7%,10%,4%,5%,3%,3%,9%,7%,2%,5%,9%,7%,8%,6%,4%,3%,4%
,8,2538,123,33,71,52,99,138,39,62,106,141,126,98,76,149,32,67,54,47,80,50,52,96,78,90,60,77,64,63,46
,8,10%,12%,3%,7%,5%,8%,9%,13%,6%,10%,14%,13%,10%,8%,15%,6%,7%,5%,9%,8%,10%,5%,10%,8%,9%,6%,8%,6%,6%,5%
,9,2664,112,28,68,43,100,135,35,79,144,117,195,87,79,137,49,90,77,21,74,30,80,85,83,102,53,63,69,83,52
,9,10%,11%,3%,6%,4%,8%,9%,12%,8%,14%,11%,19%,9%,8%,13%,10%,9%,8%,4%,7%,6%,8%,8%,8%,10%,5%,6%,7%,8%,5%
,10 Tout à fait à l'aise,11056,417,87,490,757,573,636,63,230,626,266,491,573,224,314,109,329,214,333,168,301,794,272,297,509,83,290,324,627,794
,10 Totally comfortable,42%,41%,9%,48%,74%,47%,42%,21%,23%,62%,26%,49%,57%,22%,31%,22%,33%,21%,66%,16%,58%,79%,27%,29%,50%,8%,29%,32%,62%,78%
,Indifférent.e (SPONTANÉ),345,2,19,8,36,48,55,7,42,4,1,1,8,11,2,9,18,6,33,16,2,5,59,4,3,13,17,22,11,1
,Indifferent (SPONTANEOUS),1%,-,2%,1%,3%,4%,4%,2%,4%,-,-,-,1%,1%,-,2%,2%,1%,7%,2%,-,1%,6%,-,-,1%,2%,2%,1%,-
,Ne sait pas,468,18,42,32,11,13,31,18,51,16,4,7,26,36,18,1,27,22,6,16,2,2,20,4,27,40,22,26,18,3
,Don't know,2%,2%,4%,3%,1%,1%,2%,6%,5%,1%,-,1%,3%,3%,2%,-,3%,2%,1%,2%,-,-,2%,-,3%,4%,2%,3%,2%,-
,,VOL A weighted,,,,,Terrain/Fieldwork :  11/04 - 16/05/2023,,,,,,,,,,,,,,,,,,,,,,,,
,"QB6R.2. Sur une échelle de 1 à 10, pourriez-vous me dire ce que vous ressentiriez si une personne appartenant à chacune des catégories suivantes était élue au plus haut poste politique en (NOTRE PAYS) ?  '1' signifie que vous vous sentiriez « pas du tout à l'aise » et '10' que vous vous sentiriez « tout à fait à l'aise ».  ",,,,,,"QB6R.2. Using a scale from 1 to 10, please tell me how you would feel about having a person from each of the following groups in the highest elected political position in (OUR COUNTRY)? '1' means that you would feel ""not at all comfortable"" and '10' that you would feel ""totally comfortable"". ",,,,,,,,,,,,,,,,,,,,,,,,
,"Une personne lesbienne, gay ou bisexuelle",,,,,,"A lesbian, gay or bisexual person",,,,,,,,,,,,,,,,,,,,,,,,
,Base: Ensemble,,,,,,Base: All respondents,,,,,,,,,,,,,,,,,,,,,,,,
,,,,,,,,,,,,,,,,,,,,,,,,,,,,,,,
,,,,,,,,,,,,,,,,,,,,,,,,,,,,,,,
,,,,,,,,,,,,,,,,,,,,,,,,,,,,,,,
,,"UE27
EU27",BE,BG,CZ,DK,D-W,DE,D-E,EE,IE,EL,ES,FR,HR,IT,CY,LV,LT,LU,HU,MT,NL,AT,PL,PT,RO,SI,SK,FI,SE
,Total,26399,1011,1012,1025,1019,1227,1525,298,1009,1016,1014,1004,1006,1012,1027,504,1009,1005,508,1021,514,1004,1012,1015,1021,1053,1000,1021,1009,1019
,,,,,,,,,,,,,,,,,,,,,,,,,,,,,,,
,Total 'Mal à l'aise',4255,123,600,151,44,148,206,57,358,22,252,45,87,306,156,194,293,456,25,342,47,25,269,260,117,521,276,322,101,39
,Total 'Uncomfortable',16%,12%,59%,15%,4%,12%,14%,19%,36%,2%,25%,4%,9%,30%,15%,39%,29%,45%,5%,33%,9%,3%,27%,26%,11%,49%,28%,31%,10%,4%
,Total 'Moyennement à l'aise',3428,133,149,166,58,180,236,56,135,53,143,81,95,212,150,87,139,146,27,231,48,23,155,196,97,196,192,148,71,47
,Total 'Moderately comfortable',13%,13%,15%,16%,6%,15%,15%,19%,13%,5%,14%,8%,9%,21%,15%,17%,14%,15%,5%,23%,9%,2%,15%,19%,10%,19%,19%,15%,7%,5%
,Total 'A l'aise',17904,735,201,668,869,838,997,159,422,922,613,870,790,448,702,212,533,374,416,416,415,949,510,551,776,283,493,502,807,929
,Total 'Comfortable',68%,73%,20%,65%,85%,68%,65%,53%,42%,91%,61%,87%,78%,44%,68%,42%,53%,37%,82%,41%,81%,95%,50%,54%,76%,27%,49%,49%,80%,91%
,Indifférent.e (SPONTANÉ),345,2,19,8,36,48,55,7,42,4,1,1,8,11,2,9,18,6,33,16,2,5,59,4,3,13,17,22,11,1
,Indifferent (SPONTANEOUS),1%,-,2%,1%,4%,4%,4%,3%,4%,-,-,-,1%,1%,-,2%,2%,1%,7%,2%,1%,-,6%,-,-,1%,2%,2%,1%,-
,Ne sait pas,468,18,42,32,11,13,31,18,51,16,4,7,26,36,18,1,27,22,6,16,2,2,20,4,27,40,22,26,18,3
,Don't know,2%,2%,4%,3%,1%,1%,2%,6%,5%,2%,-,1%,3%,4%,2%,-,2%,2%,1%,1%,-,-,2%,1%,3%,4%,2%,3%,2%,-
,,VOL A weighted,,,,,Terrain/Fieldwork :  11/04 - 16/05/2023,,,,,,,,,,,,,,,,,,,,,,,,
,"QB6.10. Sur une échelle de 1 à 10, pourriez-vous me dire ce que vous ressentiriez si une personne appartenant à chacune des catégories suivantes était élue au plus haut poste politique en (NOTRE PAYS) ?  '1' signifie que vous vous sentiriez « pas du tout à l'aise » et '10' que vous vous sentiriez « tout à fait à l'aise ».  ",,,,,,"QB6.10. Using a scale from 1 to 10, please tell me how you would feel about having a person from each of the following groups in the highest elected political position in (OUR COUNTRY)? '1' means that you would feel ""not at all comfortable"" and '10' that you would feel ""totally comfortable"". ",,,,,,,,,,,,,,,,,,,,,,,,
,Une personne transgenre ou intersexe,,,,,,A trasgender person or an intersex person,,,,,,,,,,,,,,,,,,,,,,,,
,Base: Ensemble,,,,,,Base: All respondents,,,,,,,,,,,,,,,,,,,,,,,,
,,,,,,,,,,,,,,,,,,,,,,,,,,,,,,,
,,,,,,,,,,,,,,,,,,,,,,,,,,,,,,,
,,,,,,,,,,,,,,,,,,,,,,,,,,,,,,,
,,"UE27
EU27",BE,BG,CZ,DK,D-W,DE,D-E,EE,IE,EL,ES,FR,HR,IT,CY,LV,LT,LU,HU,MT,NL,AT,PL,PT,RO,SI,SK,FI,SE
,Total,26399,1011,1012,1025,1019,1227,1525,298,1009,1016,1014,1004,1006,1012,1027,504,1009,1005,508,1021,514,1004,1012,1015,1021,1053,1000,1021,1009,1019
,,,,,,,,,,,,,,,,,,,,,,,,,,,,,,,
,1 Très mal à l'aise,2165,71,360,109,56,93,124,32,245,44,103,19,71,160,42,102,225,343,26,135,17,15,187,83,82,230,136,182,66,29
,1 Not at all comfortable,8%,7%,36%,11%,5%,8%,8%,11%,24%,4%,10%,2%,7%,16%,4%,20%,22%,34%,5%,13%,3%,2%,18%,8%,8%,22%,14%,18%,7%,3%
,2,1092,26,107,46,20,30,43,13,60,15,75,16,39,72,44,30,50,59,6,89,12,9,58,71,24,93,64,84,38,10
,2,4%,3%,11%,5%,2%,2%,3%,4%,6%,2%,7%,2%,4%,7%,4%,6%,5%,6%,1%,9%,2%,1%,6%,7%,2%,9%,6%,8%,4%,1%
,3,1293,50,84,60,14,61,84,23,45,11,44,24,31,77,54,29,42,51,16,111,16,24,57,85,21,93,61,67,35,21
,3,5%,5%,8%,6%,1%,5%,6%,8%,5%,1%,4%,2%,3%,8%,5%,6%,4%,5%,3%,11%,3%,2%,6%,8%,2%,9%,6%,7%,3%,2%
,4,1286,43,66,45,25,59,75,16,43,20,46,22,52,71,58,34,50,38,10,98,23,21,60,60,16,114,62,44,34,18
,4,5%,4%,7%,4%,3%,5%,5%,5%,4%,2%,5%,2%,5%,7%,6%,7%,5%,4%,2%,10%,5%,2%,6%,6%,2%,11%,6%,4%,3%,2%
,5,2411,103,86,143,52,148,189,41,119,43,97,60,78,110,84,73,130,102,32,127,56,32,78,117,53,119,139,109,60,66
,5,9%,10%,8%,14%,5%,12%,12%,14%,12%,4%,10%,6%,8%,11%,8%,15%,13%,10%,6%,12%,11%,3%,8%,12%,5%,11%,14%,11%,6%,6%
,6,1596,59,48,53,25,59,79,20,46,35,63,36,54,85,121,37,39,38,10,72,18,33,67,71,36,84,46,32,26,31
,6,6%,6%,5%,5%,3%,5%,5%,7%,5%,4%,6%,4%,5%,8%,12%,7%,4%,4%,2%,7%,3%,3%,7%,7%,4%,8%,5%,3%,2%,3%
,7,1791,104,61,45,30,63,93,30,51,54,99,59,48,81,102,17,48,48,22,85,25,47,85,90,68,76,70,39,57,55
,7,7%,10%,6%,4%,3%,5%,6%,10%,5%,5%,10%,6%,5%,8%,10%,3%,5%,5%,4%,8%,5%,5%,8%,9%,7%,7%,7%,4%,6%,5%
,8,2288,119,23,66,82,96,121,25,48,84,111,103,78,68,124,28,41,61,45,72,40,90,63,81,97,68,91,59,79,84
,8,9%,12%,2%,7%,8%,8%,8%,8%,5%,8%,11%,10%,8%,7%,12%,5%,4%,6%,9%,7%,8%,9%,6%,8%,9%,6%,9%,6%,8%,8%
,9,2395,96,24,52,54,102,125,23,64,115,102,194,74,61,111,29,77,51,25,60,35,72,76,84,106,39,43,55,82,41
,9,9%,9%,2%,5%,5%,8%,8%,8%,6%,11%,10%,19%,7%,6%,11%,6%,8%,5%,5%,6%,7%,7%,7%,8%,10%,4%,4%,5%,8%,4%
,10 Tout à fait à l'aise,8924,309,71,297,611,440,485,45,186,561,204,448,451,176,252,97,254,169,273,125,268,649,195,254,450,78,252,272,485,658
,10 Totally comfortable,34%,31%,7%,29%,60%,36%,32%,15%,18%,55%,20%,45%,45%,17%,25%,19%,25%,17%,54%,12%,52%,65%,19%,25%,44%,7%,25%,27%,48%,65%
,Indifférent.e (SPONTANÉ),385,3,15,21,32,42,54,12,37,8,38,4,4,10,4,17,17,5,29,18,1,9,56,8,9,10,15,26,16,1
,Indifferent (SPONTANEOUS),1%,-,1%,2%,3%,3%,4%,4%,4%,1%,4%,-,-,1%,-,3%,1%,-,6%,2%,-,1%,6%,1%,1%,1%,2%,2%,2%,-
,Ne sait pas,773,28,67,86,18,35,53,18,64,26,32,18,27,42,31,13,37,41,14,29,4,3,30,11,57,48,22,52,32,5
,Don't know,3%,3%,7%,8%,2%,3%,3%,6%,6%,3%,3%,2%,3%,4%,3%,3%,4%,4%,3%,3%,1%,-,3%,1%,6%,5%,2%,5%,3%,1%
,,VOL A weighted,,,,,Terrain/Fieldwork :  11/04 - 16/05/2023,,,,,,,,,,,,,,,,,,,,,,,,
,"QB6R.10. Sur une échelle de 1 à 10, pourriez-vous me dire ce que vous ressentiriez si une personne appartenant à chacune des catégories suivantes était élue au plus haut poste politique en (NOTRE PAYS) ?  '1' signifie que vous vous sentiriez « pas du tout à l'aise » et '10' que vous vous sentiriez « tout à fait à l'aise ».  ",,,,,,"QB6R.10. Using a scale from 1 to 10, please tell me how you would feel about having a person from each of the following groups in the highest elected political position in (OUR COUNTRY)? '1' means that you would feel ""not at all comfortable"" and '10' that you would feel ""totally comfortable"". ",,,,,,,,,,,,,,,,,,,,,,,,
,Une personne transgenre ou intersexe,,,,,,A transgender person or an intersex person,,,,,,,,,,,,,,,,,,,,,,,,
,Base: Ensemble,,,,,,Base: All respondents,,,,,,,,,,,,,,,,,,,,,,,,
,,,,,,,,,,,,,,,,,,,,,,,,,,,,,,,
,,,,,,,,,,,,,,,,,,,,,,,,,,,,,,,
,,,,,,,,,,,,,,,,,,,,,,,,,,,,,,,
,,"UE27
EU27",BE,BG,CZ,DK,D-W,DE,D-E,EE,IE,EL,ES,FR,HR,IT,CY,LV,LT,LU,HU,MT,NL,AT,PL,PT,RO,SI,SK,FI,SE
,Total,26399,1011,1012,1025,1019,1227,1525,298,1009,1016,1014,1004,1006,1012,1027,504,1009,1005,508,1021,514,1004,1012,1015,1021,1053,1000,1021,1009,1019
,,,,,,,,,,,,,,,,,,,,,,,,,,,,,,,
,Total 'Mal à l'aise',5836,190,617,261,114,243,327,84,392,91,268,81,192,380,198,194,367,491,58,432,67,70,362,300,144,530,323,377,173,78
,Total 'Uncomfortable',22%,19%,61%,26%,11%,20%,21%,28%,39%,9%,26%,8%,19%,38%,19%,39%,36%,49%,11%,42%,13%,7%,36%,29%,14%,50%,32%,37%,17%,8%
,Total 'Moyennement à l'aise',4007,162,134,196,78,207,268,61,165,78,160,97,132,195,205,110,169,140,42,199,73,64,145,189,89,203,185,141,86,97
,Total 'Moderately comfortable',15%,16%,13%,19%,8%,17%,18%,21%,16%,8%,16%,10%,13%,19%,20%,22%,17%,14%,8%,19%,14%,6%,14%,19%,9%,19%,19%,14%,8%,10%
,Total 'A l'aise',15398,628,179,460,777,700,824,123,350,813,516,805,651,386,589,170,420,329,365,342,369,858,418,508,721,262,455,425,702,838
,Total 'Comfortable',58%,62%,18%,45%,76%,57%,54%,41%,35%,80%,51%,80%,65%,38%,57%,34%,42%,33%,72%,34%,72%,86%,41%,50%,71%,25%,46%,42%,70%,82%
,Indifférent.e (SPONTANÉ),385,3,15,21,32,42,54,12,37,8,38,4,4,10,4,17,17,5,29,18,1,9,56,8,9,10,15,26,16,1
,Indifferent (SPONTANEOUS),2%,-,1%,2%,3%,3%,4%,4%,4%,1%,4%,-,-,1%,1%,3%,1%,-,6%,2%,-,1%,6%,1%,1%,1%,1%,2%,2%,-
,Ne sait pas,773,28,67,86,18,35,53,18,64,26,32,18,27,42,31,13,37,41,14,29,4,3,30,11,57,48,22,52,32,5
,Don't know,3%,3%,7%,8%,2%,3%,3%,6%,6%,2%,3%,2%,3%,4%,3%,2%,4%,4%,3%,3%,1%,-,3%,1%,5%,5%,2%,5%,3%,-
,,VOL A weighted,,,,,Terrain/Fieldwork :  11/04 - 16/05/2023,,,,,,,,,,,,,,,,,,,,,,,,
,"QB11.6. Êtes-vous favorable ou opposé·e à communiquer de manière anonyme une information sur… dans le cadre d'un recensement ou d'une étude statistique, si cela contribuait à lutter contre les discriminations en (NOTRE PAYS) ?  ",,,,,,"QB11.6. Are you in favour or opposed to providing anonymous information about ... as part of a census or statistical survey, if that could help to combat discrimination in (OUR COUNTRY)? ",,,,,,,,,,,,,,,,,,,,,,,,
,Votre identité de genre (par exemple être transgenre),,,,,,Your gender identity (for example being transgender),,,,,,,,,,,,,,,,,,,,,,,,
,Base: Ensemble,,,,,,Base: All respondents,,,,,,,,,,,,,,,,,,,,,,,,
,,,,,,,,,,,,,,,,,,,,,,,,,,,,,,,
,,,,,,,,,,,,,,,,,,,,,,,,,,,,,,,
,,,,,,,,,,,,,,,,,,,,,,,,,,,,,,,
,,"UE27
EU27",BE,BG,CZ,DK,D-W,DE,D-E,EE,IE,EL,ES,FR,HR,IT,CY,LV,LT,LU,HU,MT,NL,AT,PL,PT,RO,SI,SK,FI,SE
,Total,26399,1011,1012,1025,1019,1227,1525,298,1009,1016,1014,1004,1006,1012,1027,504,1009,1005,508,1021,514,1004,1012,1015,1021,1053,1000,1021,1009,1019
,,,,,,,,,,,,,,,,,,,,,,,,,,,,,,,
,Tout à fait favorable,8816,309,284,233,713,348,403,55,250,449,326,441,447,218,302,234,364,276,200,182,303,522,171,144,364,300,301,232,367,749
,Totally in favour,33%,31%,28%,23%,70%,28%,26%,19%,25%,44%,32%,44%,44%,22%,30%,46%,36%,28%,40%,18%,59%,52%,17%,14%,36%,28%,30%,23%,36%,74%
,Plutôt favorable,7002,322,242,197,123,272,335,63,198,307,243,244,265,336,391,94,194,325,168,259,120,203,284,324,367,241,203,274,198,99
,Somewhat in favour,27%,32%,24%,19%,12%,22%,22%,21%,20%,30%,24%,24%,26%,33%,38%,19%,19%,32%,33%,25%,24%,20%,28%,32%,36%,23%,20%,27%,20%,10%
,Plutôt opposé·e,4186,205,150,207,49,249,300,50,202,108,182,88,91,241,178,55,194,159,77,255,67,87,230,250,87,261,172,177,100,46
,Somewhat opposed,16%,20%,15%,20%,5%,20%,20%,17%,20%,11%,18%,9%,9%,24%,17%,11%,19%,16%,15%,25%,13%,9%,23%,25%,8%,25%,17%,17%,10%,4%
,Tout à fait opposé·e,4988,138,254,278,96,291,404,114,237,81,216,150,157,174,117,95,148,164,46,290,6,158,269,257,144,188,295,255,213,102
,Totally opposed,19%,14%,25%,27%,9%,24%,27%,38%,23%,8%,21%,15%,16%,17%,11%,19%,15%,16%,9%,29%,1%,16%,26%,25%,14%,18%,30%,25%,21%,10%
,Ne sait pas,1407,36,82,110,38,67,83,16,122,71,47,81,46,42,39,26,109,81,17,35,17,35,58,39,59,64,30,83,131,24
,Don't know,5%,3%,8%,11%,4%,6%,5%,5%,12%,7%,5%,8%,5%,4%,4%,5%,11%,8%,3%,3%,3%,3%,6%,4%,6%,6%,3%,8%,13%,2%
,Total 'En faveur',15818,632,526,430,836,620,738,118,448,756,569,685,712,555,693,328,558,601,369,441,424,724,455,468,731,540,504,506,565,848
,Total 'In favour',60%,63%,52%,42%,82%,50%,48%,40%,45%,74%,56%,68%,70%,55%,68%,65%,55%,60%,73%,43%,83%,72%,45%,46%,72%,51%,50%,50%,56%,84%
,Total 'Opposé',9174,343,404,485,145,540,704,164,439,188,398,238,248,415,295,150,342,323,122,545,73,244,499,507,231,449,467,432,313,147
,Total 'Opposed',35%,34%,40%,47%,14%,44%,47%,55%,43%,19%,39%,24%,25%,41%,28%,30%,34%,32%,24%,54%,14%,25%,49%,50%,22%,43%,47%,42%,31%,14%
,,VOL A weighted,,,,,Terrain/Fieldwork :  11/04 - 16/05/2023,,,,,,,,,,,,,,,,,,,,,,,,
,"QB11.7. Êtes-vous favorable ou opposé·e à communiquer de manière anonyme une information sur… dans le cadre d'un recensement ou d'une étude statistique, si cela contribuait à lutter contre les discriminations en (NOTRE PAYS) ?  ",,,,,,"QB11.7. Are you in favour or opposed to providing anonymous information about ... as part of a census or statistical survey, if that could help to combat discrimination in (OUR COUNTRY)? ",,,,,,,,,,,,,,,,,,,,,,,,
,"Votre orientation sexuelle (par exemple être lesbienne, gay ou bisexuel·e)",,,,,,"Your sexual orientation (for example being lesbian, gay or bisexual)",,,,,,,,,,,,,,,,,,,,,,,,
,Base: Ensemble,,,,,,Base: All respondents,,,,,,,,,,,,,,,,,,,,,,,,
,,,,,,,,,,,,,,,,,,,,,,,,,,,,,,,
,,,,,,,,,,,,,,,,,,,,,,,,,,,,,,,
,,,,,,,,,,,,,,,,,,,,,,,,,,,,,,,
,,"UE27
EU27",BE,BG,CZ,DK,D-W,DE,D-E,EE,IE,EL,ES,FR,HR,IT,CY,LV,LT,LU,HU,MT,NL,AT,PL,PT,RO,SI,SK,FI,SE
,Total,26399,1011,1012,1025,1019,1227,1525,298,1009,1016,1014,1004,1006,1012,1027,504,1009,1005,508,1021,514,1004,1012,1015,1021,1053,1000,1021,1009,1019
,,,,,,,,,,,,,,,,,,,,,,,,,,,,,,,
,Tout à fait favorable,8593,315,265,229,706,339,385,46,249,436,307,430,451,223,287,219,352,265,190,179,301,523,139,140,365,265,297,233,372,738
,Totally in favour,33%,31%,26%,22%,69%,28%,25%,16%,25%,43%,30%,43%,45%,22%,28%,44%,35%,26%,37%,18%,59%,52%,14%,14%,36%,25%,30%,23%,37%,73%
,Plutôt favorable,6843,302,239,213,114,249,301,52,192,300,248,251,245,338,400,101,188,309,177,267,126,198,253,324,361,257,194,263,189,98
,Somewhat in favour,26%,30%,24%,21%,11%,20%,20%,18%,19%,29%,25%,25%,25%,33%,39%,20%,19%,31%,35%,26%,25%,20%,25%,32%,35%,24%,19%,26%,19%,10%
,Plutôt opposé·e,4304,208,159,221,56,254,309,55,214,122,186,94,94,240,185,57,204,185,68,246,62,88,272,243,94,258,178,183,108,44
,Somewhat opposed,16%,21%,16%,21%,6%,21%,20%,18%,21%,12%,18%,9%,9%,24%,18%,11%,20%,18%,13%,24%,12%,9%,27%,24%,9%,25%,18%,18%,11%,4%
,Tout à fait opposé·e,5340,152,266,293,107,321,450,129,238,87,234,151,174,172,120,98,159,170,60,295,7,163,298,266,142,210,300,279,216,115
,Totally opposed,20%,15%,26%,29%,11%,26%,30%,43%,24%,9%,23%,15%,17%,17%,12%,19%,16%,17%,12%,29%,1%,16%,29%,26%,14%,20%,30%,27%,21%,11%
,Ne sait pas,1318,34,82,70,35,64,79,15,116,70,39,79,42,38,36,29,105,76,13,34,17,32,49,42,60,63,31,63,123,24
,Don't know,5%,3%,8%,7%,3%,5%,5%,5%,11%,7%,4%,8%,4%,4%,3%,6%,10%,8%,3%,3%,3%,3%,5%,4%,6%,6%,3%,6%,12%,2%
,Total 'En faveur',15437,617,504,441,821,588,687,99,441,737,555,681,696,561,686,320,541,574,367,446,428,722,392,464,725,522,491,496,562,837
,Total 'In favour',59%,61%,50%,43%,80%,48%,45%,34%,44%,72%,55%,68%,70%,55%,67%,64%,54%,57%,72%,44%,84%,72%,39%,46%,71%,49%,49%,49%,56%,83%
,Total 'Opposé',9644,360,425,514,163,575,759,184,452,209,420,244,269,413,305,155,364,355,128,541,69,251,571,509,236,468,478,462,324,158
,Total 'Opposed',36%,36%,42%,50%,17%,47%,50%,61%,45%,21%,41%,24%,26%,41%,30%,30%,36%,35%,25%,53%,13%,25%,56%,50%,23%,45%,48%,45%,32%,15%
,,VOL A weighted,,,,,Terrain/Fieldwork :  11/04 - 16/05/2023,,,,,,,,,,,,,,,,,,,,,,,,
,"QB12.10. Que vous travailliez ou non, pouvez-vous me dire si vous vous sentiriez à l'aise ou non avec le fait qu'un collègue, avec lequel vous êtes quotidiennement en contact, appartienne à chacun des groupes suivants en utilisant une échelle allant de 1 à 10 ? '1' signifie que vous vous sentiriez « pas du tout à l'aise » et '10' que vous vous sentiriez « tout à fait à l'aise ».  ",,,,,,"QB12.10. Regardless of whether you're actually working or not, please tell me, using a scale from 1 to 10, how comfortable would you feel, if a colleague at work with whom you are in daily contact, belonged to each of the following groups? '1' means that you would feel, ""not at all comfortable"" and '10' that you would feel ""totally comfortable"". ",,,,,,,,,,,,,,,,,,,,,,,,
,"Une personne lesbienne, gay ou bisexuelle",,,,,,"A lesbian, gay or bisexual person",,,,,,,,,,,,,,,,,,,,,,,,
,Base: Ensemble,,,,,,Base: All respondents,,,,,,,,,,,,,,,,,,,,,,,,
,,,,,,,,,,,,,,,,,,,,,,,,,,,,,,,
,,,,,,,,,,,,,,,,,,,,,,,,,,,,,,,
,,,,,,,,,,,,,,,,,,,,,,,,,,,,,,,
,,"UE27
EU27",BE,BG,CZ,DK,D-W,DE,D-E,EE,IE,EL,ES,FR,HR,IT,CY,LV,LT,LU,HU,MT,NL,AT,PL,PT,RO,SI,SK,FI,SE
,Total,26399,1011,1012,1025,1019,1227,1525,298,1009,1016,1014,1004,1006,1012,1027,504,1009,1005,508,1021,514,1004,1012,1015,1021,1053,1000,1021,1009,1019
,,,,,,,,,,,,,,,,,,,,,,,,,,,,,,,
,1 Très mal à l'aise,1105,32,223,43,23,36,49,13,137,6,65,7,18,125,32,45,130,196,7,88,2,5,70,59,33,171,70,84,12,10
,1 Not at all comfortable,4%,3%,22%,4%,2%,3%,3%,4%,14%,1%,6%,1%,2%,12%,3%,9%,13%,20%,1%,9%,-,-,7%,6%,3%,16%,7%,8%,1%,1%
,2,587,12,103,11,1,15,19,4,48,3,22,7,10,37,25,11,22,38,2,45,2,1,26,58,15,83,31,40,9,3
,2,2%,1%,10%,1%,-,1%,1%,1%,5%,-,2%,1%,1%,4%,3%,2%,2%,4%,1%,4%,-,-,3%,6%,2%,8%,3%,4%,1%,-
,3,605,22,82,15,3,15,24,9,36,2,25,7,5,34,33,24,23,38,8,58,8,-,49,45,19,75,30,58,6,3
,3,2%,2%,8%,2%,-,1%,2%,3%,3%,-,2%,1%,1%,4%,3%,5%,2%,4%,2%,6%,2%,-,5%,5%,2%,7%,3%,6%,1%,-
,4,753,33,86,24,1,29,39,9,42,5,25,6,12,52,38,12,18,29,2,79,7,4,44,59,20,80,21,35,11,3
,4,3%,3%,9%,2%,-,2%,3%,3%,4%,1%,3%,-,1%,5%,4%,2%,2%,3%,-,8%,1%,-,4%,6%,2%,8%,2%,4%,1%,-
,5,1471,75,92,56,15,69,104,35,73,14,65,20,25,94,55,40,74,64,5,156,23,6,112,84,52,124,101,106,18,13
,5,5%,8%,9%,5%,2%,6%,7%,12%,7%,1%,7%,2%,3%,9%,5%,8%,7%,6%,1%,15%,4%,1%,11%,8%,5%,12%,10%,10%,2%,1%
,6,1214,59,69,33,5,44,54,11,24,13,44,20,28,67,93,22,32,36,10,79,13,5,65,87,19,80,55,47,10,2
,6,5%,6%,7%,3%,1%,4%,4%,4%,2%,1%,4%,2%,3%,7%,9%,4%,3%,3%,2%,8%,3%,1%,6%,9%,2%,7%,6%,5%,1%,-
,7,1560,59,60,16,12,70,93,23,49,37,83,67,25,77,105,30,40,41,19,82,25,10,65,72,71,93,54,52,16,16
,7,6%,6%,6%,2%,1%,6%,6%,8%,5%,4%,8%,7%,3%,8%,10%,6%,4%,4%,4%,8%,5%,1%,6%,7%,7%,9%,5%,5%,1%,2%
,8,2176,102,51,67,32,89,134,45,71,105,119,101,50,92,134,21,55,72,41,95,35,35,73,74,94,85,107,59,26,39
,8,8%,10%,5%,7%,3%,7%,9%,15%,7%,10%,12%,10%,5%,9%,13%,4%,5%,7%,8%,9%,7%,4%,7%,7%,9%,8%,11%,6%,3%,4%
,9,2548,96,33,68,41,91,125,33,94,132,147,187,74,115,127,59,76,79,22,64,39,49,83,99,119,60,82,94,85,22
,9,10%,10%,3%,7%,4%,7%,8%,11%,9%,13%,15%,18%,7%,11%,12%,12%,8%,8%,4%,6%,8%,5%,8%,10%,12%,6%,8%,9%,8%,2%
,10 Tout à fait à l'aise,13658,506,140,660,864,719,808,89,350,679,418,573,738,296,364,234,492,388,373,248,352,886,330,369,553,148,421,408,783,903
,10 Totally comfortable,52%,50%,14%,64%,85%,59%,53%,30%,35%,67%,41%,57%,73%,29%,36%,47%,49%,39%,73%,24%,68%,88%,33%,36%,54%,14%,42%,40%,78%,89%
,Indifférent.e (SPONTANÉ),223,2,13,4,18,35,38,3,27,6,0,0,3,4,2,3,16,3,14,9,3,0,58,2,3,6,10,12,12,0
,Indifferent (SPONTANEOUS),1%,-,1%,-,2%,3%,2%,1%,3%,1%,-,-,-,-,-,1%,2%,-,3%,1%,1%,-,6%,-,-,1%,1%,1%,1%,-
,Cela dépend (SPONTANÉ),151,1,9,5,3,7,16,9,19,1,0,0,4,2,11,0,3,1,4,7,1,2,19,2,2,6,10,3,1,1
,It depends (SPONTANEOUS),1%,-,1%,1%,-,-,1%,3%,2%,-,-,-,-,-,1%,-,-,-,1%,1%,-,-,2%,-,-,-,1%,-,-,-
,Ne sait pas,345,13,48,25,1,7,23,16,40,13,2,9,13,17,9,2,29,21,1,10,7,1,19,4,21,42,9,23,18,4
,Don't know,1%,1%,5%,2%,-,1%,1%,5%,4%,1%,-,1%,1%,2%,1%,-,3%,2%,-,1%,1%,-,2%,-,2%,4%,1%,2%,2%,1%
,,VOL A weighted,,,,,Terrain/Fieldwork :  11/04 - 16/05/2023,,,,,,,,,,,,,,,,,,,,,,,,
,"QB12R.10. Que vous travailliez ou non, pouvez-vous me dire si vous vous sentiriez à l'aise ou non avec le fait qu'un collègue, avec lequel vous êtes quotidiennement en contact, appartienne à chacun des groupes suivants en utilisant une échelle allant de 1 à 10 ? '1' signifie que vous vous sentiriez « pas du tout à l'aise » et '10' que vous vous sentiriez « tout à fait à l'aise ».  ",,,,,,"QB12R.10. Regardless of whether you're actually working or not, please tell me, using a scale from 1 to 10, how comfortable would you feel, if a colleague at work with whom you are in daily contact, belonged to each of the following groups? '1' means that you would feel, ""not at all comfortable"" and '10' that you would feel ""totally comfortable"". ",,,,,,,,,,,,,,,,,,,,,,,,
,"Une personne lesbienne, gay ou bisexuelle",,,,,,"A lesbian, gay or bisexual person",,,,,,,,,,,,,,,,,,,,,,,,
,Base: Ensemble,,,,,,Base: All respondents,,,,,,,,,,,,,,,,,,,,,,,,
,,,,,,,,,,,,,,,,,,,,,,,,,,,,,,,
,,,,,,,,,,,,,,,,,,,,,,,,,,,,,,,
,,,,,,,,,,,,,,,,,,,,,,,,,,,,,,,
,,"UE27
EU27",BE,BG,CZ,DK,D-W,DE,D-E,EE,IE,EL,ES,FR,HR,IT,CY,LV,LT,LU,HU,MT,NL,AT,PL,PT,RO,SI,SK,FI,SE
,Total,26399,1011,1012,1025,1019,1227,1525,298,1009,1016,1014,1004,1006,1012,1027,504,1009,1005,508,1021,514,1004,1012,1015,1021,1053,1000,1021,1009,1019
,,,,,,,,,,,,,,,,,,,,,,,,,,,,,,,
,Total 'Mal à l'aise',3050,98,495,93,27,96,131,35,262,16,137,27,45,249,127,93,193,301,19,270,19,9,188,220,88,409,152,217,39,18
,Total 'Uncomfortable',12%,10%,49%,9%,3%,8%,9%,12%,26%,1%,13%,3%,5%,25%,12%,18%,19%,30%,4%,26%,4%,1%,19%,22%,9%,39%,15%,22%,4%,2%
,Total 'Moyennement à l'aise',2685,134,161,88,20,113,159,46,97,27,109,40,53,161,148,62,106,100,15,235,36,11,177,172,71,204,156,154,28,15
,Total 'Moderately comfortable',10%,13%,16%,9%,2%,9%,10%,15%,10%,3%,11%,4%,5%,16%,15%,12%,10%,10%,3%,23%,7%,1%,17%,17%,7%,19%,16%,15%,3%,2%
,Total 'A l'aise',19943,763,285,811,950,969,1159,189,564,953,766,928,887,580,729,344,662,580,455,490,450,980,551,614,837,386,663,613,911,981
,Total 'Comfortable',75%,76%,28%,79%,93%,79%,76%,64%,56%,94%,76%,92%,88%,57%,71%,68%,66%,58%,89%,48%,87%,98%,54%,61%,82%,37%,66%,60%,90%,96%
,Indifférent.e (SPONTANÉ),223,2,13,4,18,35,38,3,27,6,0,0,3,4,2,3,16,3,14,9,3,0,58,2,3,6,10,12,12,0
,Indifferent (SPONTANEOUS),1%,-,1%,-,2%,3%,2%,1%,2%,1%,-,-,-,-,-,1%,2%,-,3%,1%,1%,-,6%,-,-,1%,1%,1%,1%,-
,Cela dépend (SPONTANÉ),151,1,9,5,3,7,16,9,19,1,0,0,4,2,11,0,3,1,4,7,1,2,19,2,2,6,10,3,1,1
,It depends (SPONTANEOUS),1%,-,1%,1%,-,-,1%,3%,2%,-,-,-,1%,-,1%,-,-,-,1%,1%,-,-,2%,-,-,-,1%,-,-,-
,Ne sait pas,345,13,48,25,1,7,23,16,40,13,2,9,13,17,9,2,29,21,1,10,7,1,19,4,21,42,9,23,18,4
,Don't know,1%,1%,5%,2%,-,1%,2%,5%,4%,1%,-,1%,1%,2%,1%,1%,3%,2%,-,1%,1%,-,2%,-,2%,4%,1%,2%,2%,-
,,VOL A weighted,,,,,Terrain/Fieldwork :  11/04 - 16/05/2023,,,,,,,,,,,,,,,,,,,,,,,,
,"QB12.11. Que vous travailliez ou non, pouvez-vous me dire si vous vous sentiriez à l'aise ou non avec le fait qu'un collègue, avec lequel vous êtes quotidiennement en contact, appartienne à chacun des groupes suivants en utilisant une échelle allant de 1 à 10 ? '1' signifie que vous vous sentiriez « pas du tout à l'aise » et '10' que vous vous sentiriez « tout à fait à l'aise ».  ",,,,,,"QB12.11. Regardless of whether you're actually working or not, please tell me, using a scale from 1 to 10, how comfortable would you feel, if a colleague at work with whom you are in daily contact, belonged to each of the following groups? '1' means that you would feel, ""not at all comfortable"" and '10' that you would feel ""totally comfortable"". ",,,,,,,,,,,,,,,,,,,,,,,,
,Une personne transgenre ou intersexe,,,,,,A transgender person or an intersex person,,,,,,,,,,,,,,,,,,,,,,,,
,Base: Ensemble,,,,,,Base: All respondents,,,,,,,,,,,,,,,,,,,,,,,,
,,,,,,,,,,,,,,,,,,,,,,,,,,,,,,,
,,,,,,,,,,,,,,,,,,,,,,,,,,,,,,,
,,,,,,,,,,,,,,,,,,,,,,,,,,,,,,,
,,"UE27
EU27",BE,BG,CZ,DK,D-W,DE,D-E,EE,IE,EL,ES,FR,HR,IT,CY,LV,LT,LU,HU,MT,NL,AT,PL,PT,RO,SI,SK,FI,SE
,Total,26399,1011,1012,1025,1019,1227,1525,298,1009,1016,1014,1004,1006,1012,1027,504,1009,1005,508,1021,514,1004,1012,1015,1021,1053,1000,1021,1009,1019
,,,,,,,,,,,,,,,,,,,,,,,,,,,,,,,
,1 Très mal à l'aise,1440,54,241,69,23,59,80,21,172,22,68,6,32,105,41,40,147,207,14,112,4,6,128,67,63,175,82,103,24,13
,1 Not at all comfortable,5%,5%,24%,7%,2%,5%,5%,7%,17%,2%,7%,1%,3%,10%,4%,8%,14%,21%,3%,11%,1%,1%,13%,7%,6%,17%,8%,10%,2%,1%
,2,730,15,113,22,6,15,25,10,48,6,31,8,16,41,33,10,28,38,4,60,5,6,43,67,15,78,39,57,16,1
,2,3%,2%,11%,2%,1%,1%,2%,3%,5%,1%,3%,1%,2%,4%,3%,2%,3%,4%,1%,6%,1%,-,4%,7%,2%,7%,4%,6%,2%,-
,3,828,27,88,23,6,25,37,12,44,8,33,9,23,45,45,21,26,40,5,59,12,1,55,58,11,73,34,83,18,8
,3,3%,3%,9%,2%,1%,2%,2%,4%,4%,1%,3%,1%,2%,4%,4%,4%,3%,4%,1%,6%,2%,-,6%,6%,1%,7%,4%,8%,2%,1%
,4,870,45,85,31,1,34,42,9,31,6,23,11,13,67,42,19,23,28,4,89,10,3,44,75,14,92,37,35,14,8
,4,3%,4%,8%,3%,-,3%,3%,3%,3%,1%,2%,1%,1%,7%,4%,4%,2%,3%,1%,9%,2%,-,4%,7%,1%,9%,4%,3%,1%,1%
,5,1756,87,78,83,22,105,145,40,87,30,67,23,31,94,80,38,91,84,15,144,35,13,93,85,52,124,113,100,32,14
,5,7%,9%,8%,8%,2%,9%,9%,14%,9%,3%,7%,2%,3%,9%,8%,8%,9%,8%,3%,14%,7%,1%,9%,8%,5%,12%,11%,10%,3%,1%
,6,1349,67,50,47,11,54,67,13,36,21,51,19,42,83,104,20,39,35,7,69,16,16,60,70,31,95,43,33,15,6
,6,5%,7%,5%,5%,1%,4%,4%,4%,4%,2%,5%,2%,4%,8%,10%,4%,4%,3%,1%,7%,3%,2%,6%,7%,3%,9%,4%,3%,2%,1%
,7,1543,71,57,46,21,48,70,21,53,45,76,65,38,80,93,22,46,37,22,92,26,27,64,73,74,88,59,35,30,26
,7,6%,7%,6%,4%,2%,4%,5%,7%,5%,4%,8%,6%,4%,8%,9%,4%,5%,4%,4%,9%,5%,3%,6%,7%,7%,8%,6%,3%,3%,3%
,8,2071,98,42,76,48,69,102,33,66,93,106,118,56,94,114,35,66,59,50,80,33,57,64,71,87,80,113,58,33,54
,8,8%,10%,4%,7%,5%,6%,7%,11%,7%,9%,10%,12%,6%,9%,11%,7%,6%,6%,10%,8%,6%,6%,6%,7%,9%,8%,11%,6%,3%,5%
,9,2340,95,30,70,40,77,108,31,73,103,129,160,72,106,115,63,67,76,22,64,43,57,77,92,118,60,70,79,64,57
,9,9%,9%,3%,7%,4%,6%,7%,10%,7%,10%,13%,16%,7%,11%,11%,13%,7%,7%,4%,6%,8%,6%,8%,9%,12%,6%,7%,8%,6%,6%
,10 Tout à fait à l'aise,12406,435,125,467,810,674,749,75,297,647,369,563,654,263,325,224,422,356,342,214,322,813,274,340,502,131,378,382,718,827
,10 Totally comfortable,47%,43%,12%,46%,79%,55%,49%,25%,29%,64%,36%,56%,65%,26%,32%,44%,42%,35%,67%,21%,63%,81%,27%,33%,49%,12%,38%,37%,71%,81%
,Indifférent.e (SPONTANÉ),318,2,14,16,22,36,44,8,34,9,38,2,8,5,2,6,18,6,13,12,1,1,52,6,3,5,11,17,16,0
,Indifferent (SPONTANEOUS),1%,-,1%,2%,2%,3%,3%,3%,3%,1%,4%,-,1%,1%,-,1%,2%,1%,3%,1%,-,-,5%,1%,-,-,1%,2%,2%,-
,Cela dépend (SPONTANÉ),249,1,15,43,7,7,15,8,14,3,1,3,6,4,26,0,2,2,4,11,1,2,26,3,6,5,7,6,2,1
,It depends (SPONTANEOUS),1%,-,2%,4%,1%,-,1%,3%,1%,-,-,-,1%,-,3%,-,-,-,1%,1%,-,-,3%,-,1%,1%,1%,1%,-,-
,Ne sait pas,499,14,72,33,3,23,40,17,56,21,23,16,14,25,7,7,35,39,7,16,8,1,33,7,45,47,13,34,26,3
,Don't know,2%,1%,7%,3%,-,2%,3%,6%,6%,2%,2%,2%,1%,3%,1%,1%,3%,4%,1%,1%,2%,-,3%,1%,4%,4%,1%,3%,3%,-
,,VOL A weighted,,,,,Terrain/Fieldwork :  11/04 - 16/05/2023,,,,,,,,,,,,,,,,,,,,,,,,
,"QB12R.11. Que vous travailliez ou non, pouvez-vous me dire si vous vous sentiriez à l'aise ou non avec le fait qu'un collègue, avec lequel vous êtes quotidiennement en contact, appartienne à chacun des groupes suivants en utilisant une échelle allant de 1 à 10 ? '1' signifie que vous vous sentiriez « pas du tout à l'aise » et '10' que vous vous sentiriez « tout à fait à l'aise ».  ",,,,,,"QB12R.11. Regardless of whether you're actually working or not, please tell me, using a scale from 1 to 10, how comfortable would you feel, if a colleague at work with whom you are in daily contact, belonged to each of the following groups? '1' means that you would feel, ""not at all comfortable"" and '10' that you would feel ""totally comfortable"". ",,,,,,,,,,,,,,,,,,,,,,,,
,Une personne transgenre ou intersexe,,,,,,A transgender person or an intersex person,,,,,,,,,,,,,,,,,,,,,,,,
,Base: Ensemble,,,,,,Base: All respondents,,,,,,,,,,,,,,,,,,,,,,,,
,,,,,,,,,,,,,,,,,,,,,,,,,,,,,,,
,,,,,,,,,,,,,,,,,,,,,,,,,,,,,,,
,,,,,,,,,,,,,,,,,,,,,,,,,,,,,,,
,,"UE27
EU27",BE,BG,CZ,DK,D-W,DE,D-E,EE,IE,EL,ES,FR,HR,IT,CY,LV,LT,LU,HU,MT,NL,AT,PL,PT,RO,SI,SK,FI,SE
,Total,26399,1011,1012,1025,1019,1227,1525,298,1009,1016,1014,1004,1006,1012,1027,504,1009,1005,508,1021,514,1004,1012,1015,1021,1053,1000,1021,1009,1019
,,,,,,,,,,,,,,,,,,,,,,,,,,,,,,,
,Total 'Mal à l'aise',3867,141,528,145,36,133,185,52,294,43,154,35,85,258,161,89,224,313,26,320,30,16,269,267,102,419,192,278,72,30
,Total 'Uncomfortable',15%,14%,52%,14%,4%,11%,12%,17%,29%,4%,15%,4%,8%,25%,16%,18%,22%,31%,5%,31%,6%,2%,27%,26%,10%,40%,19%,27%,7%,3%
,Total 'Moyennement à l'aise',3105,154,128,130,33,159,212,53,123,52,118,42,73,178,184,58,130,119,22,213,51,29,153,155,84,219,156,133,47,19
,Total 'Moderately comfortable',12%,15%,13%,13%,3%,13%,14%,18%,12%,5%,12%,4%,7%,18%,18%,12%,13%,12%,4%,21%,10%,3%,15%,15%,8%,21%,16%,13%,5%,2%
,Total 'A l'aise',18360,699,255,658,918,868,1028,160,488,888,680,906,820,542,647,344,600,527,436,450,423,954,479,577,781,359,621,553,846,965
,Total 'Comfortable',69%,69%,25%,64%,90%,71%,67%,54%,48%,88%,67%,90%,82%,54%,63%,68%,60%,52%,86%,44%,82%,95%,47%,57%,77%,34%,62%,54%,84%,95%
,Indifférent.e (SPONTANÉ),318,2,14,16,22,36,44,8,34,9,38,2,8,5,2,6,18,6,13,12,1,1,52,6,3,5,11,17,16,0
,Indifferent (SPONTANEOUS),1%,-,1%,2%,2%,3%,3%,3%,3%,1%,4%,-,1%,-,-,1%,2%,1%,3%,1%,-,-,5%,1%,-,-,1%,2%,1%,-
,Cela dépend (SPONTANÉ),249,1,15,43,7,7,15,8,14,3,1,3,6,4,26,0,2,2,4,11,1,2,26,3,6,5,7,6,2,1
,It depends (SPONTANEOUS),1%,-,2%,4%,1%,-,1%,3%,2%,-,-,-,1%,-,2%,-,-,-,1%,1%,-,-,3%,-,1%,1%,1%,1%,-,-
,Ne sait pas,499,14,72,33,3,23,40,17,56,21,23,16,14,25,7,7,35,39,7,16,8,1,33,7,45,47,13,34,26,3
,Don't know,2%,2%,7%,3%,-,2%,3%,5%,6%,2%,2%,2%,1%,3%,1%,1%,3%,4%,1%,2%,2%,-,3%,1%,4%,4%,1%,3%,3%,-
,,VOL A weighted,,,,,Terrain/Fieldwork :  11/04 - 16/05/2023,,,,,,,,,,,,,,,,,,,,,,,,
,"QB13.10. Que vous ayez ou non des enfants, pouvez-vous me dire, en utilisant une échelle allant de 1 à 10, si vous vous sentiriez à l'aise ou non avec l'idée que l'un de vos enfants ait une relation amoureuse avec une personne appartenant à l'un des groupes suivants ? '1' signifie que vous vous sentiriez « pas du tout à l'aise » et '10' que vous vous sentiriez « tout à fait à l'aise ».  ",,,,,,"QB13.10. Regardless of whether you have children or not, please tell me, using a scale from 1 to 10, how comfortable you would feel if one of your children was in a love relationship with a person from one of the following groups? '1' means that you would feel, ""not at all comfortable"" and '10' that you would feel ""totally comfortable"". ",,,,,,,,,,,,,,,,,,,,,,,,
,Une personne du même sexe que votre enfant,,,,,,A person of the same sex as your child,,,,,,,,,,,,,,,,,,,,,,,,
,Base: Ensemble,,,,,,Base: All respondents,,,,,,,,,,,,,,,,,,,,,,,,
,,,,,,,,,,,,,,,,,,,,,,,,,,,,,,,
,,,,,,,,,,,,,,,,,,,,,,,,,,,,,,,
,,,,,,,,,,,,,,,,,,,,,,,,,,,,,,,
,,"UE27
EU27",BE,BG,CZ,DK,D-W,DE,D-E,EE,IE,EL,ES,FR,HR,IT,CY,LV,LT,LU,HU,MT,NL,AT,PL,PT,RO,SI,SK,FI,SE
,Total,26399,1011,1012,1025,1019,1227,1525,298,1009,1016,1014,1004,1006,1012,1027,504,1009,1005,508,1021,514,1004,1012,1015,1021,1053,1000,1021,1009,1019
,,,,,,,,,,,,,,,,,,,,,,,,,,,,,,,
,1 Très mal à l'aise,3373,93,549,183,48,88,119,31,403,36,302,39,69,392,126,205,412,456,27,307,57,7,137,201,104,336,220,341,70,31
,1 Not at all comfortable,13%,9%,54%,18%,5%,7%,8%,10%,40%,4%,30%,4%,7%,39%,12%,41%,41%,45%,5%,30%,11%,1%,14%,20%,10%,32%,22%,33%,7%,3%
,2,954,21,84,46,7,24,34,10,80,10,102,15,20,57,47,25,55,63,12,61,20,5,41,66,36,94,53,88,16,8
,2,4%,2%,8%,5%,1%,2%,2%,3%,8%,1%,10%,2%,2%,6%,5%,5%,5%,6%,2%,6%,4%,-,4%,7%,4%,9%,6%,9%,2%,1%
,3,1098,25,61,54,14,40,54,14,43,18,75,22,26,63,59,29,38,48,10,80,26,6,54,72,33,77,54,89,22,5
,3,4%,3%,6%,5%,1%,3%,4%,5%,4%,2%,7%,2%,2%,6%,6%,6%,4%,5%,2%,8%,5%,1%,5%,7%,3%,7%,6%,9%,2%,-
,4,1049,30,52,50,11,32,44,12,29,7,62,17,28,70,69,22,31,25,9,71,31,11,46,64,49,80,39,41,26,11
,4,4%,3%,5%,5%,1%,3%,3%,4%,3%,1%,6%,2%,3%,7%,7%,4%,3%,3%,2%,7%,6%,1%,4%,6%,5%,8%,4%,4%,3%,1%
,5,2154,82,43,119,39,124,174,50,83,55,96,65,59,102,93,35,74,95,22,116,86,25,89,75,97,108,113,109,49,28
,5,8%,8%,4%,12%,4%,10%,11%,17%,8%,5%,10%,6%,6%,10%,9%,7%,7%,9%,4%,12%,17%,2%,9%,7%,9%,10%,11%,11%,5%,3%
,6,1328,62,24,50,28,53,65,12,32,35,58,37,37,65,89,31,31,31,22,49,23,18,72,67,61,77,49,42,25,19
,6,5%,6%,2%,5%,3%,4%,4%,4%,3%,3%,6%,4%,4%,6%,9%,6%,3%,3%,4%,5%,4%,2%,7%,7%,6%,7%,5%,4%,2%,2%
,7,1651,105,43,50,28,65,81,15,36,58,61,57,63,38,88,23,63,26,29,75,26,41,58,73,77,87,62,23,35,43
,7,6%,10%,4%,5%,3%,5%,5%,5%,4%,6%,6%,6%,6%,4%,9%,4%,6%,3%,6%,7%,5%,4%,6%,7%,8%,8%,6%,2%,3%,4%
,8,2181,118,28,66,75,106,140,34,42,113,62,94,89,46,112,35,47,41,40,65,42,72,67,62,117,48,73,17,61,56
,8,8%,12%,3%,6%,7%,9%,9%,11%,4%,11%,6%,9%,9%,4%,11%,7%,5%,4%,8%,6%,8%,7%,7%,6%,11%,5%,7%,2%,6%,5%
,9,2163,112,18,60,59,106,131,25,39,92,61,144,61,58,95,29,30,26,17,49,24,65,71,104,105,42,49,47,59,47
,9,8%,11%,2%,6%,6%,9%,9%,9%,4%,9%,6%,14%,6%,6%,9%,6%,3%,3%,3%,5%,5%,7%,7%,10%,10%,4%,5%,4%,6%,5%
,10 Tout à fait à l'aise,9487,339,70,269,685,523,588,65,159,550,109,505,510,86,228,59,202,162,282,125,166,736,278,212,306,65,243,167,590,760
,10 Totally comfortable,36%,34%,7%,26%,67%,43%,39%,22%,16%,54%,11%,50%,51%,8%,22%,12%,20%,16%,56%,12%,32%,73%,27%,21%,30%,6%,24%,16%,59%,75%
,Indifférent.e (SPONTANÉ),269,5,7,18,14,37,43,6,18,4,14,0,7,2,2,1,5,7,19,7,3,1,38,7,3,3,13,17,12,1
,Indifferent (SPONTANEOUS),1%,-,1%,2%,1%,3%,3%,2%,2%,-,1%,-,1%,-,-,-,1%,1%,4%,1%,1%,-,4%,1%,-,-,1%,2%,1%,-
,Cela dépend (SPONTANÉ),183,1,4,24,9,12,20,7,13,8,1,0,5,8,5,0,1,3,10,3,1,8,34,4,5,9,9,4,5,1
,It depends (SPONTANEOUS),1%,-,1%,2%,1%,1%,1%,3%,1%,1%,-,-,-,1%,-,-,-,-,2%,-,-,1%,3%,-,1%,1%,1%,-,-,-
,Ne sait pas,510,19,31,34,3,17,32,15,32,31,9,9,32,26,14,10,20,21,9,13,10,9,28,8,29,28,22,38,38,8
,Don't know,2%,2%,3%,3%,-,1%,2%,5%,3%,3%,1%,1%,3%,3%,1%,2%,2%,2%,2%,1%,2%,1%,3%,1%,3%,3%,2%,4%,4%,1%
,,VOL A weighted,,,,,Terrain/Fieldwork :  11/04 - 16/05/2023,,,,,,,,,,,,,,,,,,,,,,,,
,"QB13R.10. Que vous ayez ou non des enfants, pouvez-vous me dire, en utilisant une échelle allant de 1 à 10, si vous vous sentiriez à l'aise ou non avec l'idée que l'un de vos enfants ait une relation amoureuse avec une personne appartenant à l'un des groupes suivants ? '1' signifie que vous vous sentiriez « pas du tout à l'aise » et '10' que vous vous sentiriez « tout à fait à l'aise ».  ",,,,,,"QB13R.10. Regardless of whether you have children or not, please tell me, using a scale from 1 to 10, how comfortable you would feel if one of your children was in a love relationship with a person from one of the following groups? '1' means that you would feel, ""not at all comfortable"" and '10' that you would feel ""totally comfortable"". ",,,,,,,,,,,,,,,,,,,,,,,,
,Une personne du même sexe que votre enfant,,,,,,A person of the same sex as your child,,,,,,,,,,,,,,,,,,,,,,,,
,Base: Ensemble,,,,,,Base: All respondents,,,,,,,,,,,,,,,,,,,,,,,,
,,,,,,,,,,,,,,,,,,,,,,,,,,,,,,,
,,,,,,,,,,,,,,,,,,,,,,,,,,,,,,,
,,,,,,,,,,,,,,,,,,,,,,,,,,,,,,,
,,"UE27
EU27",BE,BG,CZ,DK,D-W,DE,D-E,EE,IE,EL,ES,FR,HR,IT,CY,LV,LT,LU,HU,MT,NL,AT,PL,PT,RO,SI,SK,FI,SE
,Total,26399,1011,1012,1025,1019,1227,1525,298,1009,1016,1014,1004,1006,1012,1027,504,1009,1005,508,1021,514,1004,1012,1015,1021,1053,1000,1021,1009,1019
,,,,,,,,,,,,,,,,,,,,,,,,,,,,,,,
,Total 'Mal à l'aise',6474,169,745,334,80,184,251,67,555,71,541,93,143,582,302,280,536,591,57,519,133,29,277,403,222,587,367,558,135,56
,Total 'Uncomfortable',24%,17%,74%,33%,8%,15%,16%,23%,55%,7%,53%,9%,14%,57%,29%,56%,53%,59%,11%,51%,26%,3%,27%,40%,22%,56%,37%,55%,13%,5%
,Total 'Moyennement à l'aise',3482,144,66,169,67,177,239,62,115,90,155,102,96,167,183,66,105,126,44,165,109,43,162,142,157,184,162,151,73,47
,Total 'Moderately comfortable',13%,14%,6%,17%,7%,14%,16%,21%,11%,9%,15%,10%,9%,16%,18%,13%,10%,13%,9%,16%,21%,4%,16%,14%,15%,17%,16%,15%,7%,5%
,Total 'A l'aise',15481,673,159,445,846,800,940,140,276,812,293,800,723,228,522,147,342,256,369,314,258,914,473,451,605,242,427,253,745,906
,Total 'Comfortable',59%,67%,16%,43%,83%,65%,62%,47%,28%,80%,29%,80%,72%,23%,51%,29%,34%,25%,72%,31%,50%,91%,47%,44%,59%,23%,43%,25%,74%,89%
,Indifférent.e (SPONTANÉ),269,5,7,18,14,37,43,6,18,4,14,0,7,2,2,1,5,7,19,7,3,1,38,7,3,3,13,17,12,1
,Indifferent (SPONTANEOUS),1%,-,1%,2%,1%,3%,3%,2%,2%,-,2%,-,1%,-,-,-,1%,1%,4%,1%,1%,-,4%,1%,-,-,1%,1%,1%,-
,Cela dépend (SPONTANÉ),183,1,4,24,9,12,20,7,13,8,1,0,5,8,5,0,1,3,10,3,1,8,34,4,5,9,9,4,5,1
,It depends (SPONTANEOUS),1%,-,-,2%,1%,1%,1%,2%,1%,1%,-,-,1%,1%,1%,-,-,-,2%,-,-,1%,3%,-,1%,1%,1%,-,1%,-
,Ne sait pas,510,19,31,34,3,17,32,15,32,31,9,9,32,26,14,10,20,21,9,13,10,9,28,8,29,28,22,38,38,8
,Don't know,2%,2%,3%,3%,-,2%,2%,5%,3%,3%,1%,1%,3%,3%,1%,2%,2%,2%,2%,1%,2%,1%,3%,1%,3%,3%,2%,4%,4%,1%
,,VOL A weighted,,,,,Terrain/Fieldwork :  11/04 - 16/05/2023,,,,,,,,,,,,,,,,,,,,,,,,
,"QB13.11. Que vous ayez ou non des enfants, pouvez-vous me dire, en utilisant une échelle allant de 1 à 10, si vous vous sentiriez à l'aise ou non avec l'idée que l'un de vos enfants ait une relation amoureuse avec une personne appartenant à l'un des groupes suivants ? '1' signifie que vous vous sentiriez « pas du tout à l'aise » et '10' que vous vous sentiriez « tout à fait à l'aise ».  ",,,,,,"QB13.11. Regardless of whether you have children or not, please tell me, using a scale from 1 to 10, how comfortable you would feel if one of your children was in a love relationship with a person from one of the following groups? '1' means that you would feel, ""not at all comfortable"" and '10' that you would feel ""totally comfortable"". ",,,,,,,,,,,,,,,,,,,,,,,,
,Une personne transgenre ou intersexe,,,,,,A transgender person or an intersex person,,,,,,,,,,,,,,,,,,,,,,,,
,Base: Ensemble,,,,,,Base: All respondents,,,,,,,,,,,,,,,,,,,,,,,,
,,,,,,,,,,,,,,,,,,,,,,,,,,,,,,,
,,,,,,,,,,,,,,,,,,,,,,,,,,,,,,,
,,,,,,,,,,,,,,,,,,,,,,,,,,,,,,,
,,"UE27
EU27",BE,BG,CZ,DK,D-W,DE,D-E,EE,IE,EL,ES,FR,HR,IT,CY,LV,LT,LU,HU,MT,NL,AT,PL,PT,RO,SI,SK,FI,SE
,Total,26399,1011,1012,1025,1019,1227,1525,298,1009,1016,1014,1004,1006,1012,1027,504,1009,1005,508,1021,514,1004,1012,1015,1021,1053,1000,1021,1009,1019
,,,,,,,,,,,,,,,,,,,,,,,,,,,,,,,
,1 Très mal à l'aise,4266,150,549,270,67,131,185,54,441,93,260,56,141,399,146,192,424,508,59,324,122,33,243,219,131,333,261,369,88,53
,1 Not at all comfortable,16%,15%,54%,26%,7%,11%,12%,18%,44%,9%,26%,6%,14%,39%,14%,38%,42%,51%,12%,32%,24%,3%,24%,21%,13%,32%,26%,36%,9%,5%
,2,1448,41,102,63,19,35,50,16,72,16,115,22,57,76,78,44,76,66,12,100,32,22,52,88,42,104,55,87,31,14
,2,6%,4%,10%,6%,2%,3%,3%,5%,7%,2%,11%,2%,6%,8%,8%,9%,8%,7%,2%,10%,6%,2%,5%,9%,4%,10%,5%,9%,3%,1%
,3,1459,57,60,77,18,62,79,17,39,33,78,30,35,77,82,35,42,43,15,87,33,25,71,90,60,77,57,80,32,25
,3,6%,6%,6%,8%,2%,5%,5%,6%,4%,3%,8%,3%,3%,8%,8%,7%,4%,4%,3%,8%,6%,3%,7%,9%,6%,7%,6%,8%,3%,3%
,4,1369,57,63,44,32,58,71,13,38,30,61,32,32,61,98,26,42,39,15,64,33,31,53,61,60,87,40,35,44,24
,4,5%,6%,6%,4%,3%,5%,5%,4%,4%,3%,6%,3%,3%,6%,10%,5%,4%,4%,3%,6%,6%,3%,5%,6%,6%,8%,4%,3%,4%,2%
,5,2360,117,52,116,75,163,201,37,76,90,94,61,67,104,83,37,85,78,29,113,71,74,85,88,88,101,122,90,75,70
,5,9%,11%,5%,11%,7%,13%,13%,13%,8%,9%,9%,6%,7%,10%,8%,7%,8%,8%,6%,11%,14%,7%,9%,9%,9%,9%,12%,9%,8%,7%
,6,1518,88,32,46,45,53,74,21,36,38,66,35,58,57,92,26,46,29,39,45,20,47,71,64,61,96,43,32,30,33
,6,6%,9%,3%,5%,4%,4%,5%,7%,4%,4%,7%,4%,6%,6%,9%,5%,5%,3%,8%,4%,4%,5%,7%,6%,6%,9%,4%,3%,3%,3%
,7,1530,98,28,36,64,49,74,25,25,45,65,59,56,55,71,23,40,23,35,58,24,73,71,58,68,82,55,25,43,54
,7,6%,10%,3%,4%,6%,4%,5%,8%,2%,4%,6%,6%,5%,5%,7%,5%,4%,2%,7%,6%,5%,7%,7%,6%,6%,8%,6%,2%,4%,5%
,8,1846,72,24,43,68,94,122,28,24,87,53,92,71,37,74,12,37,25,31,51,28,76,58,65,91,50,70,29,65,76
,8,7%,7%,2%,4%,7%,8%,8%,9%,2%,8%,5%,9%,7%,4%,7%,3%,4%,2%,6%,5%,6%,8%,6%,6%,9%,5%,7%,3%,6%,8%
,9,1690,66,13,35,38,79,89,10,30,73,48,133,41,45,77,13,36,24,16,41,17,64,44,80,72,32,47,33,71,59
,9,6%,6%,1%,3%,4%,6%,6%,4%,3%,7%,5%,13%,4%,4%,7%,3%,4%,2%,3%,4%,3%,6%,4%,8%,7%,3%,5%,3%,7%,6%
,10 Tout à fait à l'aise,7515,243,37,195,553,419,464,45,129,453,82,455,388,60,183,67,152,132,221,90,119,539,152,169,287,43,191,166,455,597
,10 Totally comfortable,28%,24%,4%,19%,54%,34%,30%,15%,13%,45%,8%,45%,39%,6%,18%,13%,15%,13%,43%,9%,23%,54%,15%,17%,28%,4%,19%,16%,45%,59%
,Indifférent.e (SPONTANÉ),320,4,5,19,23,35,41,6,22,4,48,2,10,6,3,17,2,5,12,13,3,1,43,8,6,7,18,19,12,1
,Indifferent (SPONTANEOUS),1%,-,1%,2%,2%,3%,3%,2%,2%,-,5%,-,1%,1%,-,3%,-,1%,2%,1%,1%,-,4%,1%,1%,1%,2%,2%,1%,-
,Cela dépend (SPONTANÉ),250,2,4,35,14,12,23,11,24,7,9,2,7,5,9,0,5,2,8,6,1,9,30,9,5,7,14,8,6,2
,It depends (SPONTANEOUS),1%,-,1%,3%,1%,1%,2%,4%,2%,1%,1%,-,1%,-,1%,-,-,-,2%,1%,-,1%,3%,1%,-,1%,1%,1%,1%,-
,Ne sait pas,827,16,43,47,4,37,53,16,52,47,35,25,44,29,31,11,23,29,15,30,10,10,37,16,49,34,27,51,57,10
,Don't know,1%,1%,1%,1%,1%,1%,1%,1%,1%,1%,1%,1%,1%,1%,1%,1%,1%,1%,1%,1%,1%,1%,1%,1%,1%,1%,1%,1%,1%,1%
,,VOL A weighted,,,,,Terrain/Fieldwork :  11/04 - 16/05/2023,,,,,,,,,,,,,,,,,,,,,,,,
,"QB13R.11. Que vous ayez ou non des enfants, pouvez-vous me dire, en utilisant une échelle allant de 1 à 10, si vous vous sentiriez à l'aise ou non avec l'idée que l'un de vos enfants ait une relation amoureuse avec une personne appartenant à l'un des groupes suivants ? '1' signifie que vous vous sentiriez « pas du tout à l'aise » et '10' que vous vous sentiriez « tout à fait à l'aise ».  ",,,,,,"QB13R.11. Regardless of whether you have children or not, please tell me, using a scale from 1 to 10, how comfortable you would feel if one of your children was in a love relationship with a person from one of the following groups? '1' means that you would feel, ""not at all comfortable"" and '10' that you would feel ""totally comfortable"". ",,,,,,,,,,,,,,,,,,,,,,,,
,Une personne transgenre ou intersexe,,,,,,A transgender person or an intersex person,,,,,,,,,,,,,,,,,,,,,,,,
,Base: Ensemble,,,,,,Base: All respondents,,,,,,,,,,,,,,,,,,,,,,,,
,,,,,,,,,,,,,,,,,,,,,,,,,,,,,,,
,,,,,,,,,,,,,,,,,,,,,,,,,,,,,,,
,,,,,,,,,,,,,,,,,,,,,,,,,,,,,,,
,,"UE27
EU27",BE,BG,CZ,DK,D-W,DE,D-E,EE,IE,EL,ES,FR,HR,IT,CY,LV,LT,LU,HU,MT,NL,AT,PL,PT,RO,SI,SK,FI,SE
,Total,26399,1011,1012,1025,1019,1227,1525,298,1009,1016,1014,1004,1006,1012,1027,504,1009,1005,508,1021,514,1004,1012,1015,1021,1053,1000,1021,1009,1019
,,,,,,,,,,,,,,,,,,,,,,,,,,,,,,,
,Total 'Mal à l'aise',8542,304,775,454,136,285,384,99,590,172,515,141,264,614,404,297,584,656,101,574,220,112,420,458,294,601,413,570,195,116
,Total 'Uncomfortable',32%,30%,77%,44%,13%,23%,25%,33%,59%,17%,51%,14%,26%,61%,39%,59%,58%,65%,20%,56%,43%,11%,42%,45%,29%,57%,41%,56%,19%,12%
,Total 'Moyennement à l'aise',3878,205,84,162,119,216,274,58,112,129,160,96,125,161,175,64,131,107,68,158,92,120,156,152,149,196,165,122,106,104
,Total 'Moderately comfortable',15%,20%,8%,16%,12%,18%,18%,19%,11%,13%,16%,10%,13%,16%,17%,13%,13%,11%,13%,15%,18%,12%,15%,15%,15%,18%,17%,12%,10%,10%
,Total 'A l'aise',12582,480,101,309,723,641,749,108,209,658,248,739,556,196,405,115,265,205,303,240,188,752,325,371,517,207,363,252,633,787
,Total 'Comfortable',48%,48%,10%,30%,71%,52%,49%,36%,21%,65%,24%,74%,55%,19%,40%,23%,26%,20%,60%,24%,37%,75%,32%,36%,51%,20%,36%,24%,63%,77%
,Indifférent.e (SPONTANÉ),320,4,5,19,23,35,41,6,22,4,48,2,10,6,3,17,2,5,12,13,3,1,43,8,6,7,18,19,12,1
,Indifferent (SPONTANEOUS),1%,-,1%,2%,2%,3%,3%,2%,2%,-,5%,-,1%,1%,-,3%,-,1%,2%,1%,-,-,4%,1%,-,1%,2%,2%,1%,-
,Cela dépend (SPONTANÉ),250,2,4,35,14,12,23,11,24,7,9,2,7,5,9,0,5,2,8,6,1,9,30,9,5,7,14,8,6,2
,It depends (SPONTANEOUS),1%,-,-,3%,1%,1%,2%,4%,2%,1%,1%,-,1%,-,1%,-,1%,-,2%,1%,-,1%,3%,1%,-,1%,1%,1%,1%,-
,Ne sait pas,827,16,43,47,4,37,53,16,52,47,35,25,44,29,31,11,23,29,15,30,10,10,37,16,49,34,27,51,57,10
,Don't know,3%,2%,4%,5%,1%,3%,3%,6%,5%,4%,3%,2%,4%,3%,3%,2%,2%,3%,3%,3%,2%,1%,4%,2%,5%,3%,3%,5%,6%,1%
,,VOL A weighted,,,,,Terrain/Fieldwork :  11/04 - 16/05/2023,,,,,,,,,,,,,,,,,,,,,,,,
,QB15.1. Dans quelle mesure êtes-vous d'accord ou pas d'accord avec chacune des propositions suivantes ?  ,,,,,,QB15.1. To what extent do you agree or disagree with each of the following statements? ,,,,,,,,,,,,,,,,,,,,,,,,
,"Les personnes lesbiennes, gays et bisexuelles devraient avoir les mêmes droits que les personnes hétérosexuelles (mariage, adoption, droits parentaux)",,,,,,"Lesbian, gay and bisexual people should have the same rights as heterosexual people (marriage, adoption, parental rights)",,,,,,,,,,,,,,,,,,,,,,,,
,Base: Ensemble,,,,,,Base: All respondents,,,,,,,,,,,,,,,,,,,,,,,,
,,,,,,,,,,,,,,,,,,,,,,,,,,,,,,,
,,,,,,,,,,,,,,,,,,,,,,,,,,,,,,,
,,,,,,,,,,,,,,,,,,,,,,,,,,,,,,,
,,"UE27
EU27",BE,BG,CZ,DK,D-W,DE,D-E,EE,IE,EL,ES,FR,HR,IT,CY,LV,LT,LU,HU,MT,NL,AT,PL,PT,RO,SI,SK,FI,SE
,Total,26399,1011,1012,1025,1019,1227,1525,298,1009,1016,1014,1004,1006,1012,1027,504,1009,1005,508,1021,514,1004,1012,1015,1021,1053,1000,1021,1009,1019
,,,,,,,,,,,,,,,,,,,,,,,,,,,,,,,
,Tout à fait d'accord,11249,501,81,235,818,675,806,131,163,557,179,680,536,101,287,87,177,127,250,156,221,858,336,152,248,82,239,155,578,858
,Totally agree,43%,50%,8%,23%,80%,55%,53%,44%,16%,55%,18%,68%,53%,10%,28%,17%,17%,12%,49%,15%,43%,85%,33%,15%,24%,8%,24%,15%,57%,84%
,Plutôt d'accord,6788,274,133,321,119,334,430,96,208,291,262,196,250,254,358,139,218,168,160,299,127,97,265,265,565,198,177,202,185,100
,Tend to agree,26%,27%,13%,31%,12%,27%,28%,32%,21%,29%,26%,19%,25%,25%,35%,28%,22%,17%,32%,29%,25%,10%,26%,26%,55%,19%,18%,20%,18%,10%
,Plutôt pas d'accord,3732,128,197,249,41,118,152,34,224,64,228,48,92,281,210,93,168,220,57,213,128,22,201,264,98,303,226,234,111,29
,Tend to disagree,14%,13%,20%,24%,4%,10%,10%,11%,22%,6%,22%,5%,9%,28%,21%,19%,17%,22%,11%,21%,25%,2%,20%,26%,10%,29%,23%,23%,11%,3%
,Pas du tout d'accord,3683,93,508,162,32,73,93,20,344,54,313,55,86,325,137,153,382,451,29,299,33,25,167,287,62,407,333,370,89,28
,Totally disagree,14%,9%,50%,16%,3%,6%,6%,7%,34%,5%,31%,5%,9%,32%,13%,30%,38%,45%,6%,30%,6%,3%,17%,28%,6%,38%,33%,36%,9%,3%
,Ne sait pas,947,15,93,58,9,27,45,17,70,50,31,26,42,51,35,31,63,39,13,54,5,3,42,46,48,62,25,60,45,4
,Don't know,3%,1%,9%,6%,1%,2%,3%,6%,7%,5%,3%,3%,4%,5%,3%,6%,6%,4%,2%,5%,1%,-,4%,5%,5%,6%,2%,6%,5%,-
,Total 'D'accord',18037,775,214,556,937,1009,1235,227,372,848,441,876,786,354,645,226,396,295,410,454,348,955,601,418,813,280,416,357,763,958
,Total 'Agree',69%,77%,21%,54%,92%,82%,81%,76%,37%,84%,44%,87%,78%,35%,63%,45%,39%,29%,81%,44%,68%,95%,59%,41%,79%,27%,42%,35%,75%,94%
,Total 'Pas d'accord',7415,221,704,411,73,191,245,54,568,118,542,102,178,606,347,247,550,670,85,513,161,47,369,551,160,710,559,604,201,57
,Total 'Disagree',28%,22%,70%,40%,7%,16%,16%,18%,56%,11%,53%,10%,18%,60%,34%,49%,55%,67%,17%,51%,31%,5%,37%,54%,16%,67%,56%,59%,20%,6%
,,VOL A weighted,,,,,Terrain/Fieldwork :  11/04 - 16/05/2023,,,,,,,,,,,,,,,,,,,,,,,,
,QB15.2. Dans quelle mesure êtes-vous d'accord ou pas d'accord avec chacune des propositions suivantes ?  ,,,,,,QB15.2. To what extent do you agree or disagree with each of the following statements? ,,,,,,,,,,,,,,,,,,,,,,,,
,Il n'y a rien de mal dans une relation sexuelle entre deux personnes du même sexe,,,,,,There is nothing wrong in a sexual relationship between two persons of the same sex,,,,,,,,,,,,,,,,,,,,,,,,
,Base: Ensemble,,,,,,Base: All respondents,,,,,,,,,,,,,,,,,,,,,,,,
,,,,,,,,,,,,,,,,,,,,,,,,,,,,,,,
,,,,,,,,,,,,,,,,,,,,,,,,,,,,,,,
,,,,,,,,,,,,,,,,,,,,,,,,,,,,,,,
,,"UE27
EU27",BE,BG,CZ,DK,D-W,DE,D-E,EE,IE,EL,ES,FR,HR,IT,CY,LV,LT,LU,HU,MT,NL,AT,PL,PT,RO,SI,SK,FI,SE
,Total,26399,1011,1012,1025,1019,1227,1525,298,1009,1016,1014,1004,1006,1012,1027,504,1009,1005,508,1021,514,1004,1012,1015,1021,1053,1000,1021,1009,1019
,,,,,,,,,,,,,,,,,,,,,,,,,,,,,,,
,Tout à fait d'accord,12102,532,77,295,865,728,860,132,222,523,274,698,577,105,318,94,165,190,281,178,252,870,359,195,243,77,338,182,702,917
,Totally agree,46%,53%,8%,29%,85%,59%,56%,44%,22%,51%,27%,69%,57%,10%,31%,19%,16%,19%,55%,17%,49%,87%,36%,19%,24%,7%,34%,18%,70%,90%
,Plutôt d'accord,7352,272,128,426,82,333,427,94,294,326,309,196,273,297,410,136,190,233,155,324,148,71,305,361,502,213,238,293,125,55
,Tend to agree,28%,27%,13%,41%,8%,27%,28%,32%,29%,32%,30%,20%,27%,29%,40%,27%,19%,23%,31%,32%,29%,7%,30%,36%,49%,20%,24%,29%,12%,5%
,Plutôt pas d'accord,3156,107,212,173,33,85,120,35,164,56,213,47,58,280,174,107,184,191,46,186,79,34,166,209,165,306,176,204,74,18
,Tend to disagree,12%,10%,21%,17%,3%,7%,8%,12%,16%,6%,21%,5%,6%,28%,17%,21%,18%,19%,9%,18%,15%,3%,16%,21%,16%,29%,18%,20%,7%,2%
,Pas du tout d'accord,2920,77,521,94,28,58,78,20,263,56,191,44,55,279,91,144,410,339,18,285,28,27,118,208,67,410,225,287,69,25
,Totally disagree,11%,8%,51%,9%,3%,5%,5%,7%,26%,6%,19%,4%,6%,28%,9%,29%,41%,34%,4%,28%,6%,3%,12%,20%,7%,39%,22%,28%,7%,2%
,Ne sait pas,868,22,75,37,10,23,40,16,65,55,27,19,43,51,33,23,60,53,7,48,7,1,65,42,45,47,24,55,39,5
,Don't know,3%,2%,7%,4%,1%,2%,3%,5%,7%,5%,3%,2%,4%,5%,3%,4%,6%,5%,1%,5%,1%,-,6%,4%,4%,5%,2%,5%,4%,1%
,Total 'D'accord',19454,805,204,721,948,1061,1287,226,516,849,582,895,850,402,729,230,356,423,437,502,400,942,664,556,744,290,575,475,828,972
,Total 'Agree',74%,80%,21%,70%,93%,86%,84%,76%,51%,83%,57%,89%,84%,39%,71%,46%,35%,42%,86%,49%,78%,94%,66%,55%,73%,27%,58%,47%,82%,95%
,Total 'Pas d'accord',6076,185,733,267,61,143,199,55,428,112,405,91,113,559,265,251,593,530,64,470,107,61,284,417,232,716,401,491,143,43
,Total 'Disagree',23%,18%,72%,26%,6%,12%,13%,19%,42%,12%,40%,9%,12%,56%,26%,50%,59%,53%,13%,46%,21%,6%,28%,41%,23%,68%,40%,48%,14%,4%
,,VOL A weighted,,,,,Terrain/Fieldwork :  11/04 - 16/05/2023,,,,,,,,,,,,,,,,,,,,,,,,
,QB15.3. Dans quelle mesure êtes-vous d'accord ou pas d'accord avec chacune des propositions suivantes ?  ,,,,,,QB15.3. To what extent do you agree or disagree with each of the following statements? ,,,,,,,,,,,,,,,,,,,,,,,,
,Les mariages entre personnes de même sexe devraient être autorisés partout en Europe,,,,,,Same sex marriages should be allowed throughout Europe,,,,,,,,,,,,,,,,,,,,,,,,
,Base: Ensemble,,,,,,Base: All respondents,,,,,,,,,,,,,,,,,,,,,,,,
,,,,,,,,,,,,,,,,,,,,,,,,,,,,,,,
,,,,,,,,,,,,,,,,,,,,,,,,,,,,,,,
,,,,,,,,,,,,,,,,,,,,,,,,,,,,,,,
,,"UE27
EU27",BE,BG,CZ,DK,D-W,DE,D-E,EE,IE,EL,ES,FR,HR,IT,CY,LV,LT,LU,HU,MT,NL,AT,PL,PT,RO,SI,SK,FI,SE
,Total,26399,1011,1012,1025,1019,1227,1525,298,1009,1016,1014,1004,1006,1012,1027,504,1009,1005,508,1021,514,1004,1012,1015,1021,1053,1000,1021,1009,1019
,,,,,,,,,,,,,,,,,,,,,,,,,,,,,,,
,Tout à fait d'accord,11806,546,71,275,857,726,862,137,182,572,256,697,533,116,316,109,175,174,276,168,248,849,374,182,247,61,347,162,599,895
,Totally agree,45%,54%,7%,27%,84%,59%,57%,46%,18%,56%,25%,69%,53%,11%,31%,22%,17%,17%,54%,16%,48%,85%,37%,18%,24%,6%,35%,16%,59%,88%
,Plutôt d'accord,7054,256,105,340,94,325,416,91,233,303,326,188,265,315,394,142,188,221,151,267,136,89,284,324,576,196,274,216,175,58
,Tend to agree,27%,25%,10%,33%,9%,26%,27%,30%,23%,30%,32%,19%,26%,31%,38%,28%,19%,22%,30%,26%,26%,9%,28%,32%,57%,19%,27%,21%,17%,6%
,Plutôt pas d'accord,3153,97,178,204,17,93,120,27,185,45,173,43,71,252,176,75,140,203,42,207,91,24,150,224,93,319,137,204,80,20
,Tend to disagree,12%,10%,18%,20%,2%,8%,8%,9%,18%,4%,17%,4%,7%,25%,17%,15%,14%,20%,8%,20%,18%,2%,15%,22%,9%,30%,14%,20%,8%,2%
,Pas du tout d'accord,3259,93,579,149,34,58,78,20,331,45,230,48,69,263,106,145,456,352,26,321,32,31,152,231,51,410,227,373,98,34
,Totally disagree,12%,9%,57%,14%,3%,5%,5%,7%,33%,5%,23%,5%,7%,26%,10%,29%,45%,35%,5%,32%,6%,3%,15%,23%,5%,39%,23%,36%,10%,3%
,Ne sait pas,1125,20,79,58,17,25,48,23,79,51,30,29,68,66,35,31,50,54,12,57,8,12,52,53,54,67,16,67,57,12
,Don't know,4%,2%,8%,6%,2%,2%,3%,8%,8%,5%,3%,3%,7%,7%,4%,6%,5%,6%,3%,6%,2%,1%,5%,5%,5%,6%,1%,7%,6%,1%
,Total 'D'accord',18861,802,175,615,951,1051,1278,227,415,875,581,884,798,431,710,252,363,395,428,435,383,938,658,506,822,257,621,377,774,952
,Total 'Agree',72%,79%,17%,60%,93%,85%,84%,76%,41%,86%,57%,88%,79%,42%,69%,50%,36%,39%,84%,42%,74%,94%,65%,50%,81%,25%,62%,37%,76%,94%
,Total 'Pas d'accord',6412,189,758,352,51,151,198,47,516,90,403,91,140,515,282,221,596,555,68,529,123,54,302,456,145,729,363,577,178,54
,Total 'Disagree',24%,19%,75%,34%,5%,13%,13%,16%,51%,9%,40%,9%,14%,51%,27%,44%,59%,55%,13%,52%,24%,5%,30%,45%,14%,69%,37%,56%,18%,5%
,,VOL A weighted,,,,,Terrain/Fieldwork :  11/04 - 16/05/2023,,,,,,,,,,,,,,,,,,,,,,,,
,QB15.4. Dans quelle mesure êtes-vous d'accord ou pas d'accord avec chacune des propositions suivantes ?  ,,,,,,QB15.4. To what extent do you agree or disagree with each of the following statements? ,,,,,,,,,,,,,,,,,,,,,,,,
,"Les personnes transgenres devraient avoir les mêmes droits que tout le monde (mariage, adoption, droits parentaux)",,,,,,"Transgender people should have the same rights as anyone else (marriage, adoption, parental rights)",,,,,,,,,,,,,,,,,,,,,,,,
,Base: Ensemble,,,,,,Base: All respondents,,,,,,,,,,,,,,,,,,,,,,,,
,,,,,,,,,,,,,,,,,,,,,,,,,,,,,,,
,,,,,,,,,,,,,,,,,,,,,,,,,,,,,,,
,,,,,,,,,,,,,,,,,,,,,,,,,,,,,,,
,,"UE27
EU27",BE,BG,CZ,DK,D-W,DE,D-E,EE,IE,EL,ES,FR,HR,IT,CY,LV,LT,LU,HU,MT,NL,AT,PL,PT,RO,SI,SK,FI,SE
,Total,26399,1011,1012,1025,1019,1227,1525,298,1009,1016,1014,1004,1006,1012,1027,504,1009,1005,508,1021,514,1004,1012,1015,1021,1053,1000,1021,1009,1019
,,,,,,,,,,,,,,,,,,,,,,,,,,,,,,,
,Tout à fait d'accord,10274,449,77,164,753,605,725,120,146,518,176,666,449,89,280,85,149,134,219,152,222,773,325,136,238,72,219,141,535,817
,Totally agree,39%,45%,7%,16%,74%,49%,48%,40%,15%,51%,17%,66%,45%,9%,27%,17%,15%,13%,43%,15%,43%,77%,32%,13%,23%,7%,22%,14%,53%,80%
,Plutôt d'accord,6588,270,137,282,146,308,397,89,188,300,252,183,255,243,344,133,212,147,151,280,115,137,262,250,563,209,175,172,186,113
,Tend to agree,25%,27%,14%,27%,14%,25%,26%,30%,19%,29%,25%,18%,25%,24%,33%,26%,21%,15%,30%,27%,22%,14%,26%,25%,55%,20%,18%,17%,18%,11%
,Plutôt pas d'accord,4204,173,200,287,66,165,202,37,247,58,232,64,116,291,222,89,193,224,74,214,131,50,167,274,96,310,229,239,126,46
,Tend to disagree,16%,17%,20%,28%,7%,14%,13%,12%,24%,6%,23%,7%,11%,29%,22%,18%,19%,22%,14%,21%,25%,5%,16%,27%,10%,29%,23%,23%,13%,4%
,Pas du tout d'accord,3948,94,504,201,42,100,126,26,358,78,306,51,109,327,133,152,385,454,39,309,39,34,198,304,60,385,354,387,107,36
,Totally disagree,15%,9%,50%,20%,4%,8%,8%,9%,35%,8%,30%,5%,11%,32%,13%,30%,38%,45%,8%,30%,8%,3%,20%,30%,6%,37%,35%,38%,11%,4%
,Ne sait pas,1384,23,94,90,12,48,74,26,69,62,48,41,77,61,47,46,71,47,25,67,8,11,60,51,64,76,23,82,55,8
,Don't know,5%,2%,9%,9%,1%,4%,5%,9%,7%,6%,5%,4%,8%,6%,5%,9%,7%,5%,5%,7%,2%,1%,6%,5%,6%,7%,2%,8%,5%,1%
,Total 'D'accord',16862,720,214,446,899,913,1122,209,334,818,428,849,704,332,624,218,361,281,370,431,337,909,587,386,801,282,394,313,721,929
,Total 'Agree',64%,72%,21%,43%,88%,74%,74%,70%,34%,80%,42%,84%,70%,33%,60%,43%,36%,28%,73%,42%,65%,91%,58%,38%,78%,27%,40%,31%,71%,91%
,Total 'Pas d'accord',8152,268,704,489,108,265,328,63,605,136,538,115,225,619,355,240,577,677,114,523,170,84,365,579,156,695,583,626,233,82
,Total 'Disagree',31%,26%,70%,48%,11%,22%,21%,21%,59%,14%,53%,12%,22%,61%,35%,48%,57%,67%,22%,51%,33%,8%,36%,57%,16%,66%,58%,61%,24%,8%
,,VOL A weighted,,,,,Terrain/Fieldwork :  11/04 - 16/05/2023,,,,,,,,,,,,,,,,,,,,,,,,
,QB17.2. Dans quelle mesure êtes-vous d'accord ou pas d'accord avec chacune des propositions suivantes ? Les leçons et le matériel pédagogique à l'école devraient inclure des informations sur…  ,,,,,,QB17.2. To what extent do you agree or disagree with the following statements? School lessons and material should include information about …? ,,,,,,,,,,,,,,,,,,,,,,,,
,"Les orientations sexuelles (par exemple être lesbienne, gay ou bisexuel·le)",,,,,,"Sexual orientations (for example being lesbian, gay, or bisexual)",,,,,,,,,,,,,,,,,,,,,,,,
,Base: Ensemble,,,,,,Base: All respondents,,,,,,,,,,,,,,,,,,,,,,,,
,,,,,,,,,,,,,,,,,,,,,,,,,,,,,,,
,,,,,,,,,,,,,,,,,,,,,,,,,,,,,,,
,,,,,,,,,,,,,,,,,,,,,,,,,,,,,,,
,,"UE27
EU27",BE,BG,CZ,DK,D-W,DE,D-E,EE,IE,EL,ES,FR,HR,IT,CY,LV,LT,LU,HU,MT,NL,AT,PL,PT,RO,SI,SK,FI,SE
,Total,26399,1011,1012,1025,1019,1227,1525,298,1009,1016,1014,1004,1006,1012,1027,504,1009,1005,508,1021,514,1004,1012,1015,1021,1053,1000,1021,1009,1019
,,,,,,,,,,,,,,,,,,,,,,,,,,,,,,,
,Tout à fait d'accord,10176,365,140,258,705,564,689,126,234,426,399,535,357,249,341,212,219,234,208,146,219,654,357,268,307,98,393,230,622,810
,Totally agree,39%,36%,14%,25%,69%,46%,45%,42%,23%,42%,39%,53%,36%,25%,33%,42%,22%,23%,41%,14%,43%,65%,35%,27%,30%,9%,39%,22%,62%,80%
,Plutôt d'accord,8563,356,209,421,212,412,498,86,296,335,321,266,323,358,446,134,330,317,167,336,178,234,300,377,437,237,299,275,243,143
,Tend to agree,32%,35%,20%,41%,21%,34%,33%,29%,29%,33%,32%,27%,32%,35%,43%,27%,33%,31%,33%,33%,35%,23%,30%,37%,43%,22%,30%,27%,24%,14%
,Plutôt pas d'accord,3807,163,189,171,46,159,189,30,213,93,152,81,139,223,146,59,199,199,79,239,84,56,164,224,190,325,156,192,69,34
,Tend to disagree,14%,16%,19%,17%,4%,13%,12%,10%,21%,9%,15%,8%,14%,22%,14%,12%,20%,20%,15%,23%,16%,6%,16%,22%,18%,31%,16%,19%,7%,3%
,Pas du tout d'accord,3047,108,395,137,37,76,107,31,222,127,128,98,154,150,68,91,215,208,40,264,24,49,159,113,27,333,126,253,44,27
,Totally disagree,12%,11%,39%,13%,4%,6%,7%,11%,22%,13%,13%,10%,15%,15%,7%,18%,21%,21%,8%,26%,5%,5%,16%,11%,3%,32%,13%,25%,4%,3%
,Ne sait pas,805,18,79,38,20,17,42,25,44,35,14,24,35,31,26,8,45,48,14,37,8,11,32,33,58,59,25,70,31,5
,Don't know,3%,2%,8%,4%,2%,1%,3%,8%,5%,3%,1%,2%,3%,3%,3%,1%,4%,5%,3%,4%,1%,1%,3%,3%,6%,6%,2%,7%,3%,-
,Total 'D'accord',18739,721,349,678,917,976,1187,212,530,761,720,800,679,608,787,346,549,551,375,482,398,888,658,645,745,336,692,506,865,953
,Total 'Agree',71%,71%,34%,66%,90%,80%,78%,71%,52%,75%,71%,80%,68%,60%,76%,69%,55%,54%,74%,47%,78%,88%,65%,64%,73%,31%,69%,49%,86%,94%
,Total 'Pas d'accord',6854,271,584,308,82,235,296,61,436,220,280,180,292,374,213,150,415,407,119,503,108,105,322,337,218,658,283,445,113,61
,Total 'Disagree',26%,27%,58%,30%,8%,19%,19%,21%,43%,22%,28%,18%,29%,37%,21%,30%,41%,41%,23%,49%,21%,11%,32%,33%,21%,63%,29%,44%,11%,6%
,,VOL A weighted,,,,,Terrain/Fieldwork :  11/04 - 16/05/2023,,,,,,,,,,,,,,,,,,,,,,,,
,QB17.3. Dans quelle mesure êtes-vous d'accord ou pas d'accord avec chacune des propositions suivantes ? Les leçons et le matériel pédagogique à l'école devraient inclure des informations sur…  ,,,,,,QB17.3. To what extent do you agree or disagree with the following statements? School lessons and material should include information about …? ,,,,,,,,,,,,,,,,,,,,,,,,
,L'existence de différentes identités de genre (par exemple être transgenre ),,,,,,The existence of multiple gender identities (for example being transgender),,,,,,,,,,,,,,,,,,,,,,,,
,Base: Ensemble,,,,,,Base: All respondents,,,,,,,,,,,,,,,,,,,,,,,,
,,,,,,,,,,,,,,,,,,,,,,,,,,,,,,,
,,,,,,,,,,,,,,,,,,,,,,,,,,,,,,,
,,,,,,,,,,,,,,,,,,,,,,,,,,,,,,,
,,"UE27
EU27",BE,BG,CZ,DK,D-W,DE,D-E,EE,IE,EL,ES,FR,HR,IT,CY,LV,LT,LU,HU,MT,NL,AT,PL,PT,RO,SI,SK,FI,SE
,Total,26399,1011,1012,1025,1019,1227,1525,298,1009,1016,1014,1004,1006,1012,1027,504,1009,1005,508,1021,514,1004,1012,1015,1021,1053,1000,1021,1009,1019
,,,,,,,,,,,,,,,,,,,,,,,,,,,,,,,
,Tout à fait d'accord,9607,339,141,183,624,524,637,112,211,377,391,521,358,252,321,188,196,218,203,150,221,573,339,262,302,95,371,210,570,735
,Totally agree,36%,34%,14%,18%,61%,43%,42%,38%,21%,37%,39%,52%,36%,25%,31%,37%,20%,22%,40%,15%,43%,57%,33%,26%,30%,9%,37%,21%,56%,72%
,Plutôt d'accord,8448,347,202,336,253,383,471,88,270,341,286,268,320,359,438,135,316,323,163,328,174,260,272,403,434,225,286,285,262,181
,Tend to agree,32%,34%,20%,33%,25%,31%,31%,29%,27%,34%,28%,27%,32%,36%,43%,27%,31%,32%,32%,32%,34%,26%,27%,40%,42%,21%,29%,28%,26%,18%
,Plutôt pas d'accord,4045,182,162,219,73,174,206,33,214,118,165,86,134,202,174,62,195,183,75,230,81,89,149,219,195,334,163,199,84,54
,Tend to disagree,15%,18%,16%,21%,7%,14%,13%,11%,21%,11%,16%,8%,13%,20%,17%,12%,19%,18%,15%,23%,15%,9%,15%,22%,19%,32%,16%,19%,8%,5%
,Pas du tout d'accord,3359,125,422,212,52,115,155,40,259,139,140,98,154,164,68,103,246,230,55,270,30,69,210,97,27,346,156,260,66,44
,Totally disagree,13%,12%,42%,21%,5%,9%,10%,13%,26%,14%,14%,10%,15%,16%,7%,21%,24%,23%,11%,26%,6%,7%,21%,9%,3%,33%,16%,25%,7%,4%
,Ne sait pas,940,18,84,74,18,31,56,25,54,42,32,30,40,34,26,15,57,51,12,42,9,13,41,34,63,53,23,67,27,5
,Don't know,4%,2%,8%,7%,2%,3%,4%,9%,5%,4%,3%,3%,4%,3%,2%,3%,6%,5%,2%,4%,2%,1%,4%,3%,6%,5%,2%,7%,3%,1%
,Total 'D'accord',18055,686,343,519,877,907,1107,200,481,718,677,789,677,611,759,323,512,542,366,479,394,833,611,665,736,320,657,496,832,916
,Total 'Agree',68%,68%,34%,51%,86%,74%,73%,67%,48%,71%,67%,79%,68%,61%,74%,64%,51%,54%,72%,47%,77%,83%,60%,66%,72%,30%,66%,49%,82%,90%
,Total 'Pas d'accord',7404,306,584,432,125,289,362,73,474,256,305,184,288,367,242,166,440,413,130,500,111,158,360,316,221,679,319,458,150,98
,Total 'Disagree',28%,30%,58%,42%,12%,23%,23%,24%,47%,25%,30%,18%,28%,36%,24%,33%,43%,41%,26%,49%,21%,16%,36%,31%,22%,65%,32%,44%,15%,9%
,,VOL A weighted,,,,,Terrain/Fieldwork :  11/04 - 16/05/2023,,,,,,,,,,,,,,,,,,,,,,,,
,"QB18. Selon vous, les personnes transgenres devraient-elles avoir la possibilité de changer leurs documents d'état civil pour qu'ils correspondent à leur identité de genre ?",,,,,,QB18. Do you think that transgender persons should be able to change their civil documents to match their gender identity?,,,,,,,,,,,,,,,,,,,,,,,,
,,,,,,,,,,,,,,,,,,,,,,,,,,,,,,,
,Base: Ensemble,,,,,,Base: All respondents,,,,,,,,,,,,,,,,,,,,,,,,
,,,,,,,,,,,,,,,,,,,,,,,,,,,,,,,
,,,,,,,,,,,,,,,,,,,,,,,,,,,,,,,
,,,,,,,,,,,,,,,,,,,,,,,,,,,,,,,
,,"UE27
EU27",BE,BG,CZ,DK,D-W,DE,D-E,EE,IE,EL,ES,FR,HR,IT,CY,LV,LT,LU,HU,MT,NL,AT,PL,PT,RO,SI,SK,FI,SE
,Total,26399,1011,1012,1025,1019,1227,1525,298,1009,1016,1014,1004,1006,1012,1027,504,1009,1005,508,1021,514,1004,1012,1015,1021,1053,1000,1021,1009,1019
,,,,,,,,,,,,,,,,,,,,,,,,,,,,,,,
,Oui,16222,709,177,503,758,863,1047,185,442,653,575,811,699,394,552,210,465,534,406,302,378,840,521,530,736,169,472,383,662,752
,Yes,62%,70%,17%,49%,74%,70%,69%,62%,44%,64%,57%,81%,70%,39%,54%,42%,46%,53%,80%,30%,74%,84%,52%,52%,72%,16%,47%,37%,66%,74%
,Non,8274,283,667,431,178,296,376,80,439,253,375,125,233,517,415,225,433,360,80,616,124,139,419,423,183,747,492,517,255,202
,No,31%,28%,66%,42%,18%,24%,24%,27%,43%,25%,37%,12%,23%,51%,40%,45%,43%,36%,16%,60%,24%,14%,41%,42%,18%,71%,49%,51%,25%,20%
,Ne sait pas,1902,19,168,91,83,69,102,33,128,110,64,68,75,101,60,68,110,111,22,103,12,25,72,62,102,136,37,121,92,65
,Don't know,7%,2%,17%,9%,8%,6%,7%,11%,13%,11%,6%,7%,7%,10%,6%,13%,11%,11%,4%,10%,2%,2%,7%,6%,10%,13%,4%,12%,9%,6%
,,VOL A weighted,,,,,Terrain/Fieldwork :  11/04 - 16/05/2023,,,,,,,,,,,,,,,,,,,,,,,,
,"QB19. Pensez-vous que les documents officiels, tels que les passeports ou les certificats de naissance, devraient prévoir une troisième option, telle que X ou O (pour autre) en plus d' homme (H) et femme (F) pour les personnes qui ne s'identifient pas comme telles ?",,,,,,"QB19. Do you believe that official documents, like passports and birth certificates, should have a third option, such as X or O (other) beside male (M) and female (F) for those persons who do not identify as female and male?",,,,,,,,,,,,,,,,,,,,,,,,
,,,,,,,,,,,,,,,,,,,,,,,,,,,,,,,
,Base: Ensemble,,,,,,Base: All respondents,,,,,,,,,,,,,,,,,,,,,,,,
,,,,,,,,,,,,,,,,,,,,,,,,,,,,,,,
,,,,,,,,,,,,,,,,,,,,,,,,,,,,,,,
,,,,,,,,,,,,,,,,,,,,,,,,,,,,,,,
,,"UE27
EU27",BE,BG,CZ,DK,D-W,DE,D-E,EE,IE,EL,ES,FR,HR,IT,CY,LV,LT,LU,HU,MT,NL,AT,PL,PT,RO,SI,SK,FI,SE
,Total,26399,1011,1012,1025,1019,1227,1525,298,1009,1016,1014,1004,1006,1012,1027,504,1009,1005,508,1021,514,1004,1012,1015,1021,1053,1000,1021,1009,1019
,,,,,,,,,,,,,,,,,,,,,,,,,,,,,,,
,Oui,12508,536,139,271,528,772,936,164,273,557,465,544,475,296,484,174,250,347,266,253,227,676,452,387,479,175,349,257,508,506
,Yes,47%,53%,14%,27%,52%,63%,61%,55%,27%,55%,46%,54%,47%,29%,47%,35%,25%,35%,52%,25%,44%,67%,45%,38%,47%,17%,35%,25%,50%,50%
,Non,12140,456,753,669,400,416,531,115,630,363,487,361,453,642,482,279,681,534,217,685,262,307,504,570,431,774,615,659,432,455
,No,46%,45%,74%,65%,39%,34%,35%,39%,62%,36%,48%,36%,45%,64%,47%,55%,67%,53%,43%,67%,51%,31%,50%,56%,42%,73%,61%,65%,43%,44%
,Ne sait pas,1751,19,120,84,91,39,58,19,106,96,62,98,79,74,60,52,78,124,25,84,25,21,56,58,112,104,36,105,69,58
,Don't know,7%,2%,12%,8%,9%,3%,4%,6%,11%,9%,6%,10%,8%,7%,6%,10%,8%,12%,5%,8%,5%,2%,5%,6%,11%,10%,4%,10%,7%,6%
,,VOL A weighted,,,,,Terrain/Fieldwork :  11/04 - 16/05/2023,,,,,,,,,,,,,,,,,,,,,,,,
,"QB20. En (NOTRE PAYS), avez-vous déjà rencontré des obstacles en essayant d'accéder à des biens, des événements et des services culturels ?  (PLUSIEURS RÉPONSES POSSIBLES) ",,,,,,"QB20. In (OUR COUNTRY), when trying to access cultural goods, events, places and services, did you ever face barriers? (MULTIPLE ANSWERS POSSIBLE)",,,,,,,,,,,,,,,,,,,,,,,,
,,,,,,,,,,,,,,,,,,,,,,,,,,,,,,,
,Base: Ensemble,,,,,,Base: All respondents,,,,,,,,,,,,,,,,,,,,,,,,
,,,,,,,,,,,,,,,,,,,,,,,,,,,,,,,
,,,,,,,,,,,,,,,,,,,,,,,,,,,,,,,
,,,,,,,,,,,,,,,,,,,,,,,,,,,,,,,
<<Back to content,,"UE27
EU27",BE,BG,CZ,DK,D-W,DE,D-E,EE,IE,EL,ES,FR,HR,IT,CY,LV,LT,LU,HU,MT,NL,AT,PL,PT,RO,SI,SK,FI,SE
,Total 'Orientation / caractéristiques sexuelles',936,88,16,22,43,58,68,10,39,24,27,21,35,34,41,21,8,13,17,25,15,63,91,19,16,29,20,17,21,41
,Total 'Sexual orientation/characteristics',4%,9%,2%,2%,4%,5%,4%,3%,4%,2%,3%,2%,3%,3%,4%,4%,1%,1%,3%,2%,3%,6%,9%,2%,2%,3%,2%,2%,2%,4%
,,VOL A weighted,,,,,Terrain/Fieldwork :  11/04 - 16/05/2023,,,,,,,,,,,,,,,,,,,,,,,,
,"QSD1. Là où vous vivez, considérez-vous que vous appartenez à l'un des groupes suivants ? Veuillez m'indiquer tous ceux qui s'appliquent à vous.  (PLUSIEURS RÉPONSES POSSIBLES)",,,,,,"QSD1. Where you live, do you consider yourself to be part of any of the following? Please tell me all that apply. (MULTIPLE ANSWERS POSSIBLE)",,,,,,,,,,,,,,,,,,,,,,,,
,,,,,,,,,,,,,,,,,,,,,,,,,,,,,,,
,Base: Ensemble,,,,,,Base: All respondents,,,,,,,,,,,,,,,,,,,,,,,,
,,,,,,,,,,,,,,,,,,,,,,,,,,,,,,,
,,,,,,,,,,,,,,,,,,,,,,,,,,,,,,,
,,,,,,,,,,,,,,,,,,,,,,,,,,,,,,,
<<Back to content,,"UE27
EU27",BE,BG,CZ,DK,D-W,DE,D-E,EE,IE,EL,ES,FR,HR,IT,CY,LV,LT,LU,HU,MT,NL,AT,PL,PT,RO,SI,SK,FI,SE
,"Être lesbienne, gay ou bisexuel·le",446,35,5,16,30,25,31,6,10,15,5,13,16,3,13,1,8,2,5,5,10,27,22,10,29,10,10,13,22,66
,"Being lesbian, gay, or bisexual",2%,3%,1%,2%,3%,2%,2%,2%,1%,1%,-,1%,2%,-,1%,-,1%,-,1%,-,2%,3%,2%,1%,3%,1%,1%,1%,2%,6%
,Être transgenre ou intersexe,97,3,3,3,3,3,4,1,2,1,0,3,3,5,4,0,5,2,1,6,2,6,7,5,1,13,5,5,1,2
,Being transgender or being intersex,-,-,-,-,-,-,-,-,-,-,-,-,-,-,-,-,-,-,-,1%,-,1%,1%,1%,-,1%,-,-,-,-
,,VOL A weighted,,,,,Terrain/Fieldwork :  11/04 - 16/05/2023,,,,,,,,,,,,,,,,,,,,,,,,
,QSD4.4. Avez-vous des amis ou des relations qui sont… ?  ,,,,,,QSD4.4. Do you have friends or acquaintances who are …? ,,,,,,,,,,,,,,,,,,,,,,,,
,"Lesbiennes, gays ou bisexuel.le.s",,,,,,"Lesbian, gay or bisexual",,,,,,,,,,,,,,,,,,,,,,,,
,Base: Ensemble,,,,,,Base: All respondents,,,,,,,,,,,,,,,,,,,,,,,,
,,,,,,,,,,,,,,,,,,,,,,,,,,,,,,,
,,,,,,,,,,,,,,,,,,,,,,,,,,,,,,,
,,,,,,,,,,,,,,,,,,,,,,,,,,,,,,,
,,"UE27
EU27",BE,BG,CZ,DK,D-W,DE,D-E,EE,IE,EL,ES,FR,HR,IT,CY,LV,LT,LU,HU,MT,NL,AT,PL,PT,RO,SI,SK,FI,SE
,Total,26399,1011,1012,1025,1019,1227,1525,298,1009,1016,1014,1004,1006,1012,1027,504,1009,1005,508,1021,514,1004,1012,1015,1021,1053,1000,1021,1009,1019
,,,,,,,,,,,,,,,,,,,,,,,,,,,,,,,
,Oui,13240,637,157,405,689,642,757,114,333,653,363,747,657,226,476,215,292,194,373,182,355,865,334,217,428,149,384,375,641,806
,Yes,50%,63%,16%,39%,67%,52%,50%,38%,33%,64%,36%,75%,65%,22%,46%,42%,29%,19%,73%,18%,69%,86%,33%,21%,42%,14%,38%,37%,64%,79%
,Non,12571,340,791,591,302,558,735,177,605,341,641,253,330,732,528,276,689,765,124,818,158,135,637,785,543,859,591,604,324,182
,No,48%,34%,78%,58%,30%,46%,48%,60%,60%,34%,63%,25%,33%,72%,52%,55%,68%,76%,25%,80%,31%,14%,63%,78%,53%,82%,59%,59%,32%,18%
,Ne sait pas,587,34,64,29,29,27,33,6,71,22,10,4,19,54,23,13,28,45,10,21,1,4,41,13,50,45,26,43,44,31
,Don't know,2%,3%,6%,3%,3%,2%,2%,2%,7%,2%,1%,-,2%,6%,2%,3%,3%,5%,2%,2%,-,-,4%,1%,5%,4%,3%,4%,4%,3%
,,VOL A weighted,,,,,Terrain/Fieldwork :  11/04 - 16/05/2023,,,,,,,,,,,,,,,,,,,,,,,,
,QSD4.7. Avez-vous des amis ou des relations qui sont… ?  ,,,,,,QSD4.7. Do you have friends or acquaintances who are …? ,,,,,,,,,,,,,,,,,,,,,,,,
,Transgenres,,,,,,Transgender,,,,,,,,,,,,,,,,,,,,,,,,
,Base: Ensemble,,,,,,Base: All respondents,,,,,,,,,,,,,,,,,,,,,,,,
,,,,,,,,,,,,,,,,,,,,,,,,,,,,,,,
,,,,,,,,,,,,,,,,,,,,,,,,,,,,,,,
,,,,,,,,,,,,,,,,,,,,,,,,,,,,,,,
,,"UE27
EU27",BE,BG,CZ,DK,D-W,DE,D-E,EE,IE,EL,ES,FR,HR,IT,CY,LV,LT,LU,HU,MT,NL,AT,PL,PT,RO,SI,SK,FI,SE
,Total,26399,1011,1012,1025,1019,1227,1525,298,1009,1016,1014,1004,1006,1012,1027,504,1009,1005,508,1021,514,1004,1012,1015,1021,1053,1000,1021,1009,1019
,,,,,,,,,,,,,,,,,,,,,,,,,,,,,,,
,Oui,3330,142,40,59,121,122,140,18,63,190,67,271,152,60,117,63,66,25,93,30,136,193,75,57,118,85,74,70,149,279
,Yes,12%,14%,4%,6%,12%,10%,9%,6%,6%,19%,7%,27%,15%,6%,11%,12%,6%,2%,18%,3%,26%,19%,7%,5%,12%,8%,7%,7%,15%,27%
,Non,22075,828,892,920,861,1037,1308,271,866,776,904,709,825,900,874,397,886,934,384,973,373,794,902,941,816,916,876,888,788,711
,No,84%,82%,88%,90%,84%,84%,86%,91%,86%,76%,89%,71%,82%,89%,85%,79%,88%,93%,76%,95%,73%,79%,89%,93%,80%,87%,88%,87%,78%,70%
,Ne sait pas,993,41,80,46,37,68,77,8,80,50,43,24,29,52,36,44,56,46,31,18,5,17,35,17,87,52,50,64,72,29
,Don't know,4%,4%,8%,4%,4%,6%,5%,3%,8%,5%,4%,2%,3%,5%,4%,9%,6%,5%,6%,2%,1%,2%,4%,2%,8%,5%,5%,6%,7%,3%
,,VOL A weighted,,,,,Terrain/Fieldwork :  11/04 - 16/05/2023,,,,,,,,,,,,,,,,,,,,,,,,
,QSD4.8. Avez-vous des amis ou des relations qui sont… ?  ,,,,,,QSD4.8. Do you have friends or acquaintances who are …? ,,,,,,,,,,,,,,,,,,,,,,,,
,Intersexes,,,,,,Intersex,,,,,,,,,,,,,,,,,,,,,,,,
,Base: Ensemble,,,,,,Base: All respondents,,,,,,,,,,,,,,,,,,,,,,,,
,,,,,,,,,,,,,,,,,,,,,,,,,,,,,,,
,,,,,,,,,,,,,,,,,,,,,,,,,,,,,,,
,,,,,,,,,,,,,,,,,,,,,,,,,,,,,,,
,,"UE27
EU27",BE,BG,CZ,DK,D-W,DE,D-E,EE,IE,EL,ES,FR,HR,IT,CY,LV,LT,LU,HU,MT,NL,AT,PL,PT,RO,SI,SK,FI,SE
,Total,26399,1011,1012,1025,1019,1227,1525,298,1009,1016,1014,1004,1006,1012,1027,504,1009,1005,508,1021,514,1004,1012,1015,1021,1053,1000,1021,1009,1019
,,,,,,,,,,,,,,,,,,,,,,,,,,,,,,,
,Oui,2307,72,43,20,71,79,90,11,43,106,64,199,83,60,133,59,48,19,70,16,84,78,55,42,72,91,48,59,67,103
,Yes,9%,7%,4%,2%,7%,6%,6%,3%,4%,11%,6%,20%,8%,6%,13%,12%,5%,2%,14%,1%,17%,8%,6%,4%,7%,9%,5%,6%,7%,10%
,Non,22516,881,878,953,887,1053,1330,277,869,816,905,743,858,889,842,400,883,917,396,967,407,879,915,955,824,909,898,892,823,810
,No,85%,87%,87%,93%,87%,86%,87%,93%,86%,80%,89%,74%,85%,88%,82%,79%,87%,91%,78%,95%,79%,87%,90%,94%,81%,86%,90%,87%,81%,80%
,Ne sait pas,1576,59,91,52,61,95,106,11,97,94,45,62,65,63,51,45,78,69,42,38,22,47,41,18,125,53,54,70,119,106
,Don't know,6%,6%,9%,5%,6%,8%,7%,4%,10%,9%,5%,6%,7%,6%,5%,9%,8%,7%,8%,4%,4%,5%,4%,2%,12%,5%,5%,7%,12%,10%
,,VOL A weighted,,,,,Terrain/Fieldwork :  11/04 - 16/05/2023,,,,,,,,,,,,,,,,,,,,,,,,
,D10. Comment vous définiriez-vous?,,,,,,D10. How would you describe yourself?,,,,,,,,,,,,,,,,,,,,,,,,
,,,,,,,,,,,,,,,,,,,,,,,,,,,,,,,
,Base: Ensemble,,,,,,Base: All respondents,,,,,,,,,,,,,,,,,,,,,,,,
,,,,,,,,,,,,,,,,,,,,,,,,,,,,,,,
,,,,,,,,,,,,,,,,,,,,,,,,,,,,,,,
,,,,,,,,,,,,,,,,,,,,,,,,,,,,,,,
,,"UE27
EU27",BE,BG,CZ,DK,D-W,DE,D-E,EE,IE,EL,ES,FR,HR,IT,CY,LV,LT,LU,HU,MT,NL,AT,PL,PT,RO,SI,SK,FI,SE
,Total,26404,1018,1014,1025,1019,1227,1525,298,1009,1016,1014,1004,1006,1012,1027,504,1009,1005,508,1021,514,1004,1012,1015,1021,1053,1000,1021,1009,1019
,,,,,,,,,,,,,,,,,,,,,,,,,,,,,,,
,Homme,12778,497,484,502,503,602,747,146,465,498,489,488,478,487,493,244,456,465,254,483,262,508,493,485,474,508,500,493,495,517
,Man,48%,49%,48%,49%,49%,49%,49%,49%,46%,49%,48%,49%,48%,48%,48%,48%,45%,46%,50%,47%,51%,51%,49%,48%,47%,48%,50%,48%,49%,51%
,Femme,13583,518,526,523,516,625,778,152,531,517,525,516,526,523,528,260,552,540,253,538,252,494,516,530,544,541,499,526,513,500
,Woman,52%,51%,52%,51%,51%,51%,51%,51%,53%,51%,52%,51%,52%,52%,51%,52%,55%,54%,50%,53%,49%,49%,51%,52%,53%,52%,50%,52%,51%,49%
,Aucun / non binaire / ne se reconnaît pas dans les catégories proposées,30,2,0,0,0,0,0,0,4,1,0,0,1,0,5,0,-,0,0,0,0,1,2,0,2,3,0,1,1,1
,None of the above / Non binary / Do not recognise yourself in above categories,-,-,-,-,-,-,-,-,-,-,-,-,-,-,1%,-,-,-,-,-,-,-,-,-,-,-,-,-,-,-
,Préfère ne pas dire,13,1,3,0,0,0,0,0,9,1,0,0,-,2,1,0,1,0,1,0,0,1,1,0,1,0,1,1,1,1
,Prefer not to say,-,-,-,-,-,-,-,-,1%,-,-,-,-,-,-,-,-,-,-,-,-,-,-,-,-,-,-,-,-,-
